dealership,vin,stock_number,year,make,model,trim,body_style,drive_train,transmission,fuel_type,exterior_color,interior_color,odometer,asking_price,retail_price,internet_price,days_on_lot,sale_class,vdp_url,image.image_md
alfa-romeo-winnipeg,2C3CCAAG2EH305707,6947B,2014,CHRYSLER,300,Touring,Sedan,,Automatic,GASOLINE,Black,Black,0,6995.0,6995.0,6995.0,35,Used,https://alfaromeowinnipeg.ca/Inventory/2014-CHRYSLER-300-Touring-2C3CCAAG2EH305707,https://portal.omni.auto/Media/InventoryMedia/2C3CCAAG2EH305707/Optimized/d5a5eda6da436bda0e781f057ea57ee0.webp
alfa-romeo-winnipeg,JA4AT2AW0AZ607775,7281A,2010,MITSUBISHI,OUTLANDER,ES,SUV,,Automatic,GASOLINE,White,Black,0,7995.0,7995.0,7995.0,28,Used,https://alfaromeowinnipeg.ca/Inventory/2010-MITSUBISHI-OUTLANDER-ES-JA4AT2AW0AZ607775,https://portal.omni.auto/Media/InventoryMedia/JA4AT2AW0AZ607775/Optimized/f5cf7cfdb3e984c27022081456a8e7cd.webp
alfa-romeo-winnipeg,3C4PDCAB7ET221884,6923A,2014,DODGE,JOURNEY,Canada Value Package,SUV,,Automatic,GASOLINE,Grey,,193000,8995.0,8995.0,8995.0,247,Used,https://alfaromeowinnipeg.ca/Inventory/2014-DODGE-JOURNEY-CanadaValuePackage-3C4PDCAB7ET221884,https://portal.omni.auto/Media/InventoryMedia/3C4PDCAB7ET221884/Optimized/41e930d9536e023aa51b310bb3415584.webp
alfa-romeo-winnipeg,WA1LKCFP8AA081543,7010A,2010,AUDI,Q5,3.2L Premium,SUV,,Automatic,GASOLINE,Black,Black,219000,8995.0,8995.0,8995.0,209,Used,https://alfaromeowinnipeg.ca/Inventory/2010-AUDI-Q5-3.2LPremium-WA1LKCFP8AA081543,https://portal.omni.auto/Media/InventoryMedia/WA1LKCFP8AA081543/Optimized/c553b134d469767111a538b523dbcc51.webp
alfa-romeo-winnipeg,5LMJJ2J50AEJ07635,430131B,2010,LINCOLN,NAVIGATOR,Ultimate ,,,Automatic,GASOLINE,Black,Black,215957,10995.0,10995.0,10995.0,27,Used,https://alfaromeowinnipeg.ca/Inventory/2010-LINCOLN-NAVIGATOR-Ultimate-5LMJJ2J50AEJ07635,https://portal.omni.auto/Media/InventoryMedia/5LMJJ2J50AEJ07635/Optimized/d5a5eda6da436bda0e781f057ea57ee0.webp
alfa-romeo-winnipeg,1N4AL3AP4GN368600,5250A,2016,NISSAN,ALTIMA,2.5 S,sedan,,Automatic,gas,Black,,154500,10995.0,10995.0,10995.0,299,Used,https://alfaromeowinnipeg.ca/Inventory/2016-NISSAN-ALTIMA-2.5S-1N4AL3AP4GN368600,https://portal.omni.auto/Media/InventoryMedia/1N4AL3AP4GN368600/Optimized/49def0ee561702be7c9021d5f0283f23.webp
alfa-romeo-winnipeg,KNDJP3A55K7682637,7079A,2019,KIA,SOUL,EX +,SUV,,Automatic,GASOLINE,Blue,Black,112324,11995.0,11995.0,11995.0,184,Used,https://alfaromeowinnipeg.ca/Inventory/2019-KIA-SOUL-EX+-KNDJP3A55K7682637,https://portal.omni.auto/Media/InventoryMedia/KNDJP3A55K7682637/Optimized/9b58f15dbd1a4ac0b12bd048e9bce72c.webp
alfa-romeo-winnipeg,1C4PJMBBXFW500674,WL6269,2015,JEEP,CHEROKEE,Trailhawk,SUV,,Automatic,GASOLINE,White,,173562,14945.0,14945.0,14945.0,315,Used,https://alfaromeowinnipeg.ca/Inventory/2015-JEEP-CHEROKEE-Trailhawk-1C4PJMBBXFW500674,https://portal.omni.auto/Media/InventoryMedia/1C4PJMBBXFW500674/Optimized/d5a5eda6da436bda0e781f057ea57ee0.webp
alfa-romeo-winnipeg,WDCTG4GB4FJ065728,7234A,2015,MERCEDES-BENZ,GLA-CLASS,GLA 250,,,Automatic,GASOLINE,,,157600,14995.0,14995.0,14995.0,27,Used,https://alfaromeowinnipeg.ca/Inventory/2015-MERCEDES-BENZ-GLA-CLASS-GLA250-WDCTG4GB4FJ065728,https://portal.omni.auto/Media/InventoryMedia/WDCTG4GB4FJ065728/Optimized/d5a5eda6da436bda0e781f057ea57ee0.webp
alfa-romeo-winnipeg,3N1CP5CU6JL528265,7121,2018,NISSAN,KICKS,SV,Hatchback,,Automatic,GASOLINE,Black,Black,48580,15995.0,15995.0,15995.0,197,Used,https://alfaromeowinnipeg.ca/Inventory/2018-NISSAN-KICKS-SV-3N1CP5CU6JL528265,https://portal.omni.auto/Media/InventoryMedia/3N1CP5CU6JL528265/Optimized/b54f463c0917e5b1c4268df79c8750a0.webp
alfa-romeo-winnipeg,1FMCU9HD4JUA67381,7444,2018,FORD,ESCAPE,SEL,SUV,,Automatic,GASOLINE,Silver,Black,124548,15995.0,15995.0,15995.0,56,Used,https://alfaromeowinnipeg.ca/Inventory/2018-FORD-ESCAPE-SEL-1FMCU9HD4JUA67381,https://portal.omni.auto/Media/InventoryMedia/1FMCU9HD4JUA67381/Optimized/e16e965d7615edaa79f1dc2dc024cf48.webp
alfa-romeo-winnipeg,5N1DR2MM6HC657701,7035A,2017,NISSAN,PATHFINDER,Platinum,Sport Utility Vehicle (SUV)/Multi-Purpose Vehicle (MPV),,Automatic,GASOLINE,Grey,Black,0,16495.0,16495.0,16495.0,128,Used,https://alfaromeowinnipeg.ca/Inventory/2017-NISSAN-PATHFINDER-Platinum-5N1DR2MM6HC657701,https://portal.omni.auto/Media/InventoryMedia/5N1DR2MM6HC657701/Optimized/2149382a7071b84371e94ec6fe5d7833.webp
alfa-romeo-winnipeg,2GNAXTEX2J6230940,7149,2018,CHEVROLET,EQUINOX,LT,SUV,,Automatic,GASOLINE,White,,111995,16495.0,16495.0,16495.0,183,Used,https://alfaromeowinnipeg.ca/Inventory/2018-CHEVROLET-EQUINOX-LT-2GNAXTEX2J6230940,https://portal.omni.auto/Media/InventoryMedia/2GNAXTEX2J6230940/Optimized/8e1b16cbf1ebd8a022b24347c4563913.webp
alfa-romeo-winnipeg,JN8AT2MV7JW321632,7497,2018,NISSAN,ROGUE,SL,SUV,,Automatic,GASOLINE,Black,Black,154178,16995.0,16995.0,16995.0,28,Used,https://alfaromeowinnipeg.ca/Inventory/2018-NISSAN-ROGUE-SL-JN8AT2MV7JW321632,https://portal.omni.auto/Media/InventoryMedia/JN8AT2MV7JW321632/Optimized/f10fb0c2572942b438dc1ea7a6f3492d.webp
alfa-romeo-winnipeg,3VWE57BU7MM075097,7389,2021,VOLKSWAGEN,JETTA,Highline,Sedan,,Automatic,GASOLINE,Silver,Black,164744,16995.0,16995.0,16995.0,78,Used,https://alfaromeowinnipeg.ca/Inventory/2021-VOLKSWAGEN-JETTA-Highline-3VWE57BU7MM075097,https://portal.omni.auto/Media/InventoryMedia/3VWE57BU7MM075097/Optimized/e07dd2e13a38c25c2ab3751753eaab11.webp
alfa-romeo-winnipeg,ZARFAEDN4H7551535,7346,2017,ALFA ROMEO,GIULIA (952),Base,Sedan,,Automatic,GASOLINE,Gray,Red,137383,16995.0,16995.0,16995.0,64,Used,https://alfaromeowinnipeg.ca/Inventory/2017-ALFAROMEO-GIULIA(952)-Base-ZARFAEDN4H7551535,https://portal.omni.auto/Media/InventoryMedia/ZARFAEDN4H7551535/Optimized/6852c3c901cb9a808eb207460a3d824f.webp
alfa-romeo-winnipeg,JN1BJ1CR5JW263379,7506,2018,NISSAN,QASHQAI,SV,SUV,,Automatic,GASOLINE,Black,Black,152254,16995.0,16995.0,16995.0,28,Used,https://alfaromeowinnipeg.ca/Inventory/2018-NISSAN-QASHQAI-SV-JN1BJ1CR5JW263379,https://portal.omni.auto/Media/InventoryMedia/JN1BJ1CR5JW263379/Optimized/dded6eeceb30a7206ce436b65cb83eb7.webp
alfa-romeo-winnipeg,KNDJP3A59K7680311,7443A,2019,KIA,SOUL,EX+,SUV,,Automatic,GASOLINE,Black,Black,125250,17495.0,17495.0,17495.0,164,Used,https://alfaromeowinnipeg.ca/Inventory/2019-KIA-SOUL-EX+-KNDJP3A59K7680311,https://portal.omni.auto/Media/InventoryMedia/KNDJP3A59K7680311/Optimized/dd94a24eab9959fe9ac65a697bd6b426.webp
alfa-romeo-winnipeg,5LMCJ2D92JUL19658,7395,2018,LINCOLN,MKC,Select,SUV,,Automatic,GASOLINE,White,Black,137169,17495.0,17495.0,17495.0,78,Used,https://alfaromeowinnipeg.ca/Inventory/2018-LINCOLN-MKC-Select-5LMCJ2D92JUL19658,https://portal.omni.auto/Media/InventoryMedia/5LMCJ2D92JUL19658/Optimized/ec8184e1eb655c2b587237de37fef7bc.webp
alfa-romeo-winnipeg,JF1VA1A64H9820204,6873,2017,SUBARU,WRX,Base,Sedan,,Manual,,Blue,,144018,17888.0,17888.0,17888.0,349,Used,https://alfaromeowinnipeg.ca/Inventory/2017-SUBARU-WRX-Base-JF1VA1A64H9820204,https://portal.omni.auto/Media/InventoryMedia/JF1VA1A64H9820204/Optimized/4429a3c331e1880a35ad97b4ce5a045d.webp
alfa-romeo-winnipeg,5UXKR6C57E0C02173,ST7097A,2014,BMW,X5,xDrive50i,SUV,,Automatic,GASOLINE,Black,Black,165000,17995.0,17995.0,17995.0,180,Used,https://alfaromeowinnipeg.ca/Inventory/2014-BMW-X5-xDrive50i-5UXKR6C57E0C02173,https://portal.omni.auto/Media/InventoryMedia/5UXKR6C57E0C02173/Optimized/4bb9dd6dc9b73625e33ead135db307cd.webp
alfa-romeo-winnipeg,5N1DR2BM3LC614333,7355,2020,NISSAN,PATHFINDER,SV Tech,SUV,,Automatic,GASOLINE,Black,Black,145536,18995.0,18995.0,18995.0,91,Used,https://alfaromeowinnipeg.ca/Inventory/2020-NISSAN-PATHFINDER-SVTech-5N1DR2BM3LC614333,https://portal.omni.auto/Media/InventoryMedia/5N1DR2BM3LC614333/Optimized/e18398d16c2369451fe4574f89bc8470.webp
alfa-romeo-winnipeg,2FMPK4G97LBA58495,7394,2020,FORD,EDGE,SE,SUV,,Automatic,GASOLINE,Black,Black,138184,18995.0,18995.0,18995.0,78,Used,https://alfaromeowinnipeg.ca/Inventory/2020-FORD-EDGE-SE-2FMPK4G97LBA58495,https://portal.omni.auto/Media/InventoryMedia/2FMPK4G97LBA58495/Optimized/8e9f5f3a9a390b223d38290de6ea07ba.webp
alfa-romeo-winnipeg,2FMPK4K9XKBB22907,7474,2019,FORD,EDGE,Titanium,SUV,,Automatic,GASOLINE,Red,Black,140117,18995.0,18995.0,18995.0,42,Used,https://alfaromeowinnipeg.ca/Inventory/2019-FORD-EDGE-Titanium-2FMPK4K9XKBB22907,https://portal.omni.auto/Media/InventoryMedia/2FMPK4K9XKBB22907/Optimized/0f0c469469c1d101f6f538ef11dd65e6.webp
alfa-romeo-winnipeg,JA4J24A56JZ610640,7556,2018,MITSUBISHI,OUTLANDER PHEV,GT,SUV,,Automatic,GASOLINE,Gray,Black,119941,18995.0,18995.0,18995.0,8,Used,https://alfaromeowinnipeg.ca/Inventory/2018-MITSUBISHI-OUTLANDERPHEV-GT-JA4J24A56JZ610640,https://portal.omni.auto/Media/InventoryMedia/JA4J24A56JZ610640/Optimized/afed51286a447bf16393e0ecfad2330f.webp
alfa-romeo-winnipeg,WA1ANAFY3J2138060,7230,2018,AUDI,Q5,2.0 Komfort S tronic,SUV,,Automatic,GASOLINE,Black,Black,160951,18995.0,18995.0,18995.0,135,Used,https://alfaromeowinnipeg.ca/Inventory/2018-AUDI-Q5-2.0KomfortStronic-WA1ANAFY3J2138060,https://portal.omni.auto/Media/InventoryMedia/WA1ANAFY3J2138060/Optimized/6ae670ebea0a07586b7f33289ebce953.webp
alfa-romeo-winnipeg,1FM5K8D84HGD28468,7396A,2017,FORD,EXPLORER,XLT ,SUV,,Automatic,GASOLINE,Black,Black,105642,19495.0,19495.0,19495.0,419,Used,https://alfaromeowinnipeg.ca/Inventory/2017-FORD-EXPLORER-XLT-1FM5K8D84HGD28468,https://portal.omni.auto/Media/InventoryMedia/1FM5K8D84HGD28468/Optimized/9f0a36d3c1573a59bc3ed3cdc173ab66.webp
alfa-romeo-winnipeg,2FMPK4J9XLBB01882,7442,2020,FORD,EDGE,SEL,SUV,,Automatic,GASOLINE,Gray,Beige,150214,19495.0,19495.0,19495.0,56,Used,https://alfaromeowinnipeg.ca/Inventory/2020-FORD-EDGE-SEL-2FMPK4J9XLBB01882,https://portal.omni.auto/Media/InventoryMedia/2FMPK4J9XLBB01882/Optimized/3354b8f1c0cb7bde550d7f7aee3562ee.webp
alfa-romeo-winnipeg,3N1CP5DV9LL479492,3042984A,2020,NISSAN,KICKS,SR,SUV,,Automatic,,White,Black,104025,19995.0,19995.0,19995.0,463,Used,https://alfaromeowinnipeg.ca/Inventory/2020-NISSAN-KICKS-SR-3N1CP5DV9LL479492,https://portal.omni.auto/Media/InventoryMedia/3N1CP5DV9LL479492/Optimized/d5a5eda6da436bda0e781f057ea57ee0.webp
alfa-romeo-winnipeg,WBXHT3C37J5L29187,7120,2018,BMW,X1,xDrive28i,SUV,,Automatic,GASOLINE,Gray,Black,140960,19995.0,19995.0,19995.0,197,Used,https://alfaromeowinnipeg.ca/Inventory/2018-BMW-X1-xDrive28i-WBXHT3C37J5L29187,https://portal.omni.auto/Media/InventoryMedia/WBXHT3C37J5L29187/Optimized/7593a651b21fa6f4e99311ff16e2167f.webp
alfa-romeo-winnipeg,1G1ZD5ST6NF193476,7541,2022,CHEVROLET,MALIBU,LT,Sedan,,Automatic,GASOLINE,Black,Black,107643,19995.0,19995.0,19995.0,15,Used,https://alfaromeowinnipeg.ca/Inventory/2022-CHEVROLET-MALIBU-LT-1G1ZD5ST6NF193476,https://portal.omni.auto/Media/InventoryMedia/1G1ZD5ST6NF193476/Optimized/0548d3a442680f6535ed26ecacc5b637.webp
alfa-romeo-winnipeg,2FMPK4K98KBC66648,7499,2019,FORD,EDGE,Titanium,SUV,,Automatic,GASOLINE,Black,Black,103850,19995.0,19995.0,19995.0,28,Used,https://alfaromeowinnipeg.ca/Inventory/2019-FORD-EDGE-Titanium-2FMPK4K98KBC66648,https://portal.omni.auto/Media/InventoryMedia/2FMPK4K98KBC66648/Optimized/9915c0327af86f6776cad0700cf41ba4.webp
alfa-romeo-winnipeg,1C4PJMBX7KD447501,7510,2019,JEEP,CHEROKEE,Trailhawk,SUV,,Automatic,GASOLINE,White,Black,129335,20495.0,20495.0,20495.0,28,Used,https://alfaromeowinnipeg.ca/Inventory/2019-JEEP-CHEROKEE-Trailhawk-1C4PJMBX7KD447501,https://portal.omni.auto/Media/InventoryMedia/1C4PJMBX7KD447501/Optimized/5678ab43cec692212849d13928354a61.webp
alfa-romeo-winnipeg,1FMCU9BZ4NUA66791,7302,2022,FORD,ESCAPE,SE Hybrid,SUV,,Continuously Variable Transmission (CVT),HYBRID,Black,,147445,20995.0,20995.0,20995.0,119,Used,https://alfaromeowinnipeg.ca/Inventory/2022-FORD-ESCAPE-SEHybrid-1FMCU9BZ4NUA66791,https://portal.omni.auto/Media/InventoryMedia/1FMCU9BZ4NUA66791/Optimized/07a24f8f5159aa23399701f8a95a353f.webp
alfa-romeo-winnipeg,1FMCU9G67LUB32570,7357,2020,FORD,ESCAPE,SE,SUV,,Automatic,GASOLINE,White,Black,104793,20995.0,20995.0,20995.0,91,Used,https://alfaromeowinnipeg.ca/Inventory/2020-FORD-ESCAPE-SE-1FMCU9G67LUB32570,https://portal.omni.auto/Media/InventoryMedia/1FMCU9G67LUB32570/Optimized/556476c0fda8614fa5aedc57d8985777.webp
alfa-romeo-winnipeg,1FMCU9G61MUA56622,7554,2021,FORD,ESCAPE,SE,SUV,,Automatic,GASOLINE,Blue,Black,123219,20995.0,20995.0,20995.0,8,Used,https://alfaromeowinnipeg.ca/Inventory/2021-FORD-ESCAPE-SE-1FMCU9G61MUA56622,https://portal.omni.auto/Media/InventoryMedia/1FMCU9G61MUA56622/Optimized/e36ec1ffb6205f3d0db0f9a8a38aea29.webp
alfa-romeo-winnipeg,1FMCU9G68MUA42538,7407,2021,FORD,ESCAPE,SE,SUV,,Automatic,GASOLINE,Gray,Black,135294,21495.0,21495.0,21495.0,71,Used,https://alfaromeowinnipeg.ca/Inventory/2021-FORD-ESCAPE-SE-1FMCU9G68MUA42538,https://portal.omni.auto/Media/InventoryMedia/1FMCU9G68MUA42538/Optimized/7b1b12d3b685de81b17ff647cdb5c810.webp
alfa-romeo-winnipeg,1FMCU9H6XLUA41176,7408,2020,FORD,ESCAPE,SEL,SUV,,Automatic,GASOLINE,White,Beige,113698,21495.0,21495.0,21495.0,71,Used,https://alfaromeowinnipeg.ca/Inventory/2020-FORD-ESCAPE-SEL-1FMCU9H6XLUA41176,https://portal.omni.auto/Media/InventoryMedia/1FMCU9H6XLUA41176/Optimized/3d1929cd1a195f0af1723acaabb72c6b.webp
alfa-romeo-winnipeg,3VWE57BU2MM041617,7398,2021,VOLKSWAGEN,JETTA,Highline,Sedan,,Automatic,GASOLINE,Gray,Black,77882,21995.0,21995.0,21995.0,78,Used,https://alfaromeowinnipeg.ca/Inventory/2021-VOLKSWAGEN-JETTA-Highline-3VWE57BU2MM041617,https://portal.omni.auto/Media/InventoryMedia/3VWE57BU2MM041617/Optimized/dd19fb250f7e2013574e3197a97b49ce.webp
alfa-romeo-winnipeg,WAUBNAF41JN011942,7333,2018,AUDI,A4,2.0 Progressiv,Sedan,,Automatic,GASOLINE,White,,128565,21995.0,21995.0,21995.0,105,Used,https://alfaromeowinnipeg.ca/Inventory/2018-AUDI-A4-2.0Progressiv-WAUBNAF41JN011942,https://portal.omni.auto/Media/InventoryMedia/WAUBNAF41JN011942/Optimized/fc4473a3e2c10619011b1c9de2fcfbbe.webp
alfa-romeo-winnipeg,3GKALVEX4KL133577,7404,2019,GMC,TERRAIN,Denali,SUV,,Automatic,GASOLINE,Gray,Black,137843,21995.0,21995.0,21995.0,71,Used,https://alfaromeowinnipeg.ca/Inventory/2019-GMC-TERRAIN-Denali-3GKALVEX4KL133577,https://portal.omni.auto/Media/InventoryMedia/3GKALVEX4KL133577/Optimized/73bcbfcfc353da62a173556525dcdbe2.webp
alfa-romeo-winnipeg,5J8TB4H75JL801489,7438,2018,ACURA,RDX,Elite,SUV,,Automatic,GASOLINE,Maroon,Black,171796,22495.0,22495.0,22495.0,56,Used,https://alfaromeowinnipeg.ca/Inventory/2018-ACURA-RDX-Elite-5J8TB4H75JL801489,https://portal.omni.auto/Media/InventoryMedia/5J8TB4H75JL801489/Optimized/8a74881654f30dbfb5f818ec797fcafa.webp
alfa-romeo-winnipeg,3GNAXUEGXPL235006,7278,2023,CHEVROLET,EQUINOX,LT Panoramic Roof,SUV,,Automatic,GASOLINE,Black,,89179,23495.0,23495.0,23495.0,126,Used,https://alfaromeowinnipeg.ca/Inventory/2023-CHEVROLET-EQUINOX-LTPanoramicRoof-3GNAXUEGXPL235006,https://portal.omni.auto/Media/InventoryMedia/3GNAXUEGXPL235006/Optimized/45a306dd2db2f1c1ca8063ac99ac0aa7.webp
alfa-romeo-winnipeg,5UXWX9C57F0D46039,5749,2015,BMW,X3,AWD 4dr xDrive28i,suv,,8 speed automatic,gas,,,119210,23995.0,23995.0,23995.0,715,Used,https://alfaromeowinnipeg.ca/Inventory/2015-BMW-X3-AWD4drxDrive28i-5UXWX9C57F0D46039,https://portal.omni.auto/Media/InventoryMedia/5UXWX9C57F0D46039/Optimized/7b693e8ac6fb15f49362a6d57fa5f9bb.jpg
alfa-romeo-winnipeg,2FMPK4K93LBB02015,7440,2020,FORD,EDGE,Titanium,,,Automatic,GASOLINE,Black,Black,86217,23995.0,23995.0,23995.0,56,Used,https://alfaromeowinnipeg.ca/Inventory/2020-FORD-EDGE-Titanium-2FMPK4K93LBB02015,https://portal.omni.auto/Media/InventoryMedia/2FMPK4K93LBB02015/Optimized/3e1d3d0a15a326815dd40e3e3527f4e7.webp
alfa-romeo-winnipeg,WA1BNAFY2J2023678,7505,2018,AUDI,Q5,Progressiv,SUV,,Automatic,GASOLINE,White,Black,110323,23995.0,23995.0,23995.0,28,Used,https://alfaromeowinnipeg.ca/Inventory/2018-AUDI-Q5-Progressiv-WA1BNAFY2J2023678,https://portal.omni.auto/Media/InventoryMedia/WA1BNAFY2J2023678/Optimized/24a2666985177b747cd7b25f6abedf13.webp
alfa-romeo-winnipeg,WBXJG9C06L5R27255,7409,2020,BMW,X1,xDrive28i,SUV,,Automatic,GASOLINE,Gray,Black,99847,23995.0,23995.0,23995.0,71,Used,https://alfaromeowinnipeg.ca/Inventory/2020-BMW-X1-xDrive28i-WBXJG9C06L5R27255,https://portal.omni.auto/Media/InventoryMedia/WBXJG9C06L5R27255/Optimized/a04b7a6fe55ca68f407cce62fd4c15eb.webp
alfa-romeo-winnipeg,JN8AT3DD1MW310188,7559,2021,NISSAN,ROGUE,Platinum,SUV,,Automatic,GASOLINE,White,Black,160680,23995.0,23995.0,23995.0,8,Used,https://alfaromeowinnipeg.ca/Inventory/2021-NISSAN-ROGUE-Platinum-JN8AT3DD1MW310188,https://portal.omni.auto/Media/InventoryMedia/JN8AT3DD1MW310188/Optimized/2de839db2c6838dbc7a5df2b7593b2d7.webp
alfa-romeo-winnipeg,3CZRU6H31JM101389,7528,2018,HONDA,HR-V,LX,SUV,,Automatic,GASOLINE,White,Black,66888,23995.0,23995.0,23995.0,21,Used,https://alfaromeowinnipeg.ca/Inventory/2018-HONDA-HR-V-LX-3CZRU6H31JM101389,https://portal.omni.auto/Media/InventoryMedia/3CZRU6H31JM101389/Optimized/66a18c9ef2d4f9f50ce038fdf6c97a73.webp
alfa-romeo-winnipeg,ZASPAKBN0K7C52347,D98589A,2019,ALFA ROMEO,STELVIO,Ti,SUV,,Automatic,GASOLINE,Black,,91907,24995.0,24995.0,24995.0,174,Used,https://alfaromeowinnipeg.ca/Inventory/2019-ALFAROMEO-STELVIO-Ti-ZASPAKBN0K7C52347,https://portal.omni.auto/Media/InventoryMedia/ZASPAKBN0K7C52347/Optimized/44b577eb2591783f761e32791f88a06b.webp
alfa-romeo-winnipeg,5YFB4MDE4PP043475,7480,2023,TOYOTA,COROLLA,SE,Sedan,,Automatic,GASOLINE,Black,Black,78826,24995.0,24995.0,24995.0,26,Used,https://alfaromeowinnipeg.ca/Inventory/2023-TOYOTA-COROLLA-SE-5YFB4MDE4PP043475,https://portal.omni.auto/Media/InventoryMedia/5YFB4MDE4PP043475/Optimized/d067cfb89bc90c799addec6b485ac692.webp
alfa-romeo-winnipeg,5YJ3E1EA4NF258052,6842,2022,TESLA,MODEL 3,STANDARD RANGE PLUS,Sedan,,Automatic,,Black,,136317,24995.0,24995.0,24995.0,385,Used,https://alfaromeowinnipeg.ca/Inventory/2022-TESLA-MODEL3-STANDARDRANGEPLUS-5YJ3E1EA4NF258052,https://portal.omni.auto/Media/InventoryMedia/5YJ3E1EA4NF258052/Optimized/7a40dee31c16660247da485b62ee0814.webp
alfa-romeo-winnipeg,5NMS5CAA4LH256911,7501,2020,HYUNDAI,SANTA FE,Ultimate,SUV,,Automatic,GASOLINE,Gray,Black,159476,24995.0,24995.0,24995.0,28,Used,https://alfaromeowinnipeg.ca/Inventory/2020-HYUNDAI-SANTAFE-Ultimate-5NMS5CAA4LH256911,https://portal.omni.auto/Media/InventoryMedia/5NMS5CAA4LH256911/Optimized/7dab93014871e536561d11d2e2658f6c.webp
alfa-romeo-winnipeg,3PCAJ5M34KF116230,7502,2019,INFINITI,QX50,Essential,SUV,,Automatic,GASOLINE,Gray,Black,121474,24995.0,24995.0,24995.0,28,Used,https://alfaromeowinnipeg.ca/Inventory/2019-INFINITI-QX50-Essential-3PCAJ5M34KF116230,https://portal.omni.auto/Media/InventoryMedia/3PCAJ5M34KF116230/Optimized/9f5529c08e9ff03b46c79cca2f9e774e.webp
alfa-romeo-winnipeg,JN8AT3DD6MW318075,7557,2021,NISSAN,ROGUE,Platinum,SUV,,Automatic,GASOLINE,Red,Black,144510,24995.0,24995.0,24995.0,8,Used,https://alfaromeowinnipeg.ca/Inventory/2021-NISSAN-ROGUE-Platinum-JN8AT3DD6MW318075,https://portal.omni.auto/Media/InventoryMedia/JN8AT3DD6MW318075/Optimized/0405b99f7889435141a2a178500c6574.webp
alfa-romeo-winnipeg,2FMPK4K97LBA62683,7539,2020,FORD,EDGE,Titanium,SUV,,Automatic,GASOLINE,Black,Black,94402,25495.0,25495.0,25495.0,15,Used,https://alfaromeowinnipeg.ca/Inventory/2020-FORD-EDGE-Titanium-2FMPK4K97LBA62683,https://portal.omni.auto/Media/InventoryMedia/2FMPK4K97LBA62683/Optimized/f9778fc22f18bb48b39035199c6eed10.webp
alfa-romeo-winnipeg,1FMSK8DH7MGB47278,7543,2021,FORD,EXPLORER,XLT,SUV,,Automatic,GASOLINE,White,Black,165966,25495.0,25495.0,25495.0,15,Used,https://alfaromeowinnipeg.ca/Inventory/2021-FORD-EXPLORER-XLT-1FMSK8DH7MGB47278,https://portal.omni.auto/Media/InventoryMedia/1FMSK8DH7MGB47278/Optimized/84aac97fffaeada45d5a0d09c290d007.webp
alfa-romeo-winnipeg,ZASFAKNN4J7C04842,428625A,2018,ALFA ROMEO,STELVIO,Ti Sport AWD,SUV,,Automatic,GASOLINE,Grey,Black,40500,25995.0,25995.0,25995.0,27,Used,https://alfaromeowinnipeg.ca/Inventory/2018-ALFAROMEO-STELVIO-TiSportAWD-ZASFAKNN4J7C04842,https://portal.omni.auto/Media/InventoryMedia/ZASFAKNN4J7C04842/Optimized/d9f9317dd5cf8a2b1f6945f5bbe02b18.webp
alfa-romeo-winnipeg,1C4RDJDG9KC663514,7525,2019,DODGE,DURANGO,GT,SUV,,Automatic,GASOLINE,Gray,Black,167571,25995.0,25995.0,25995.0,21,Used,https://alfaromeowinnipeg.ca/Inventory/2019-DODGE-DURANGO-GT-1C4RDJDG9KC663514,https://portal.omni.auto/Media/InventoryMedia/1C4RDJDG9KC663514/Optimized/9d806df7f2e43691a59645bd53243c82.webp
alfa-romeo-winnipeg,1FMSK8DH3LGB96377,7279,2020,FORD,EXPLORER,XLT Leather Navigation,SUV,,Automatic,GASOLINE,Blue,,124763,26495.0,26495.0,26495.0,126,Used,https://alfaromeowinnipeg.ca/Inventory/2020-FORD-EXPLORER-XLTLeatherNavigation-1FMSK8DH3LGB96377,https://portal.omni.auto/Media/InventoryMedia/1FMSK8DH3LGB96377/Optimized/3759dd873addf73e27f1ab35c1ec01ed.webp
alfa-romeo-winnipeg,2FMPK4J91MBA33067,7555,2021,FORD,EDGE,SEL,SUV,,Automatic,GASOLINE,Black,Black,98479,26495.0,26495.0,26495.0,8,Used,https://alfaromeowinnipeg.ca/Inventory/2021-FORD-EDGE-SEL-2FMPK4J91MBA33067,https://portal.omni.auto/Media/InventoryMedia/2FMPK4J91MBA33067/Optimized/4917fc48ef222539aea565e3564c0bc1.webp
alfa-romeo-winnipeg,19UUB3F85KA802715,7257,2019,ACURA,TLX,Elite,Sedan,,Automatic,GASOLINE,Gray,Black,114982,26995.0,26995.0,26995.0,132,Used,https://alfaromeowinnipeg.ca/Inventory/2019-ACURA-TLX-Elite-19UUB3F85KA802715,https://portal.omni.auto/Media/InventoryMedia/19UUB3F85KA802715/Optimized/c8b77e68033de1d54c4cb79b496d087f.webp
alfa-romeo-winnipeg,1C4HJXDG4JW253692,7070,2018,JEEP,WRANGLER UNLIMITED,Sport,SUV,,Automatic,GASOLINE,White,Black,136708,26995.0,26995.0,26995.0,225,Used,https://alfaromeowinnipeg.ca/Inventory/2018-JEEP-WRANGLERUNLIMITED-Sport-1C4HJXDG4JW253692,https://portal.omni.auto/Media/InventoryMedia/1C4HJXDG4JW253692/Optimized/2dba4f6b9aabe8addce6b720b67fcf7f.webp
alfa-romeo-winnipeg,JN1EV7BRXMM754732,7391,2021,INFINITI,Q50,Luxe,Sedan,,Automatic,GASOLINE,Red,Black,65164,27495.0,27495.0,27495.0,78,Used,https://alfaromeowinnipeg.ca/Inventory/2021-INFINITI-Q50-Luxe-JN1EV7BRXMM754732,https://portal.omni.auto/Media/InventoryMedia/JN1EV7BRXMM754732/Optimized/8fea77a8d07f8b67e8c3fa2844cf3344.webp
alfa-romeo-winnipeg,3FMCR9B68PRE10754,ST7103A,2023,FORD,BRONCO SPORT,Big Bend,SUV,,Automatic,GASOLINE,Gray,,69000,27995.0,27995.0,27995.0,195,Used,https://alfaromeowinnipeg.ca/Inventory/2023-FORD-BRONCOSPORT-BigBend-3FMCR9B68PRE10754,https://portal.omni.auto/Media/InventoryMedia/3FMCR9B68PRE10754/Optimized/becc5337ef1a1ae867800ca685b8bfa8.webp
alfa-romeo-winnipeg,JM3KFBEYXK0557042,7498,2019,MAZDA,CX-5,Signature,SUV,,Automatic,GASOLINE,White,Black,84566,27995.0,27995.0,27995.0,28,Used,https://alfaromeowinnipeg.ca/Inventory/2019-MAZDA-CX-5-Signature-JM3KFBEYXK0557042,https://portal.omni.auto/Media/InventoryMedia/JM3KFBEYXK0557042/Optimized/984b4106984ad2c532d25e912d04eff2.webp
alfa-romeo-winnipeg,3FTTW8F95NRB05950,7504,2022,FORD,MAVERICK,XLT,Truck,,Automatic,GASOLINE,White,Black,153638,27995.0,27995.0,27995.0,28,Used,https://alfaromeowinnipeg.ca/Inventory/2022-FORD-MAVERICK-XLT-3FTTW8F95NRB05950,https://portal.omni.auto/Media/InventoryMedia/3FTTW8F95NRB05950/Optimized/793a2afb9b7f3f7d0574b1212599492d.webp
alfa-romeo-winnipeg,JN1BJ1BWXPW112456,7507,2023,NISSAN,QASHQAI,SV,SUV,,Automatic,GASOLINE,White,Black,20782,27995.0,27995.0,27995.0,28,Used,https://alfaromeowinnipeg.ca/Inventory/2023-NISSAN-QASHQAI-SV-JN1BJ1BWXPW112456,https://portal.omni.auto/Media/InventoryMedia/JN1BJ1BWXPW112456/Optimized/e39ac3580b82f37096e1b73de97144c7.webp
alfa-romeo-winnipeg,3CZRU6H99KM102778,7475,2019,HONDA,HR-V,Touring,SUV,,Automatic,GASOLINE,Black,Black,99891,29995.0,29995.0,29995.0,42,Used,https://alfaromeowinnipeg.ca/Inventory/2019-HONDA-HR-V-Touring-3CZRU6H99KM102778,https://portal.omni.auto/Media/InventoryMedia/3CZRU6H99KM102778/Optimized/9a11ee3882f69005c564e2d3cb2c4f5d.webp
alfa-romeo-winnipeg,55SWF8EB8LU331270,7476,2020,MERCEDES-BENZ,C-CLASS,C 300,Sedan,,Automatic,GASOLINE,Gray,Black,118600,29995.0,29995.0,29995.0,42,Used,https://alfaromeowinnipeg.ca/Inventory/2020-MERCEDES-BENZ-C-CLASS-C300-55SWF8EB8LU331270,https://portal.omni.auto/Media/InventoryMedia/55SWF8EB8LU331270/Optimized/b031078aad8397743c92406f4644953e.webp
alfa-romeo-winnipeg,5TDJZRFH3KS565905,7526,2019,TOYOTA,HIGHLANDER,XLE,SUV,,Automatic,GASOLINE,Gray,Black,159361,29995.0,29995.0,29995.0,21,Used,https://alfaromeowinnipeg.ca/Inventory/2019-TOYOTA-HIGHLANDER-XLE-5TDJZRFH3KS565905,https://portal.omni.auto/Media/InventoryMedia/5TDJZRFH3KS565905/Optimized/d788d7f07ddc47061c33984afd08c3ea.webp
alfa-romeo-winnipeg,2HKRW2H46LH231324,7552,2020,HONDA,CR-V,Sport,SUV,,Automatic,GASOLINE,Gray,Black,56025,30995.0,30995.0,30995.0,8,Used,https://alfaromeowinnipeg.ca/Inventory/2020-HONDA-CR-V-Sport-2HKRW2H46LH231324,https://portal.omni.auto/Media/InventoryMedia/2HKRW2H46LH231324/Optimized/67ea3820b56d40fbb22422082301f936.webp
alfa-romeo-winnipeg,ZASPAKBN5L7C91209,3089625A,2020,ALFA ROMEO,STELVIO,Ti,,,Automatic,GASOLINE,Blue,Black,54689,30995.0,30995.0,30995.0,56,Used,https://alfaromeowinnipeg.ca/Inventory/2020-ALFAROMEO-STELVIO-Ti-ZASPAKBN5L7C91209,https://portal.omni.auto/Media/InventoryMedia/ZASPAKBN5L7C91209/Optimized/b1910d7fe8edfef4d1e89a811579ab63.webp
alfa-romeo-winnipeg,1C4RJFAG1MC706305,7446,2021,JEEP,GRAND CHEROKEE,Altitude,SUV,,Automatic,GASOLINE,Gray,Black,125904,30995.0,30995.0,30995.0,56,Used,https://alfaromeowinnipeg.ca/Inventory/2021-JEEP-GRANDCHEROKEE-Altitude-1C4RJFAG1MC706305,https://portal.omni.auto/Media/InventoryMedia/1C4RJFAG1MC706305/Optimized/c14963cbb8f19665180c680421e2d19e.webp
alfa-romeo-winnipeg,1FTEW1EG6JFB34204,7551,2018,FORD,F-150,XLT,SUV,,Automatic,GASOLINE,Blue,Black,90133,30995.0,30995.0,30995.0,8,Used,https://alfaromeowinnipeg.ca/Inventory/2018-FORD-F-150-XLT-1FTEW1EG6JFB34204,https://portal.omni.auto/Media/InventoryMedia/1FTEW1EG6JFB34204/Optimized/bbeefc240014090e83f7110ec53949da.webp
alfa-romeo-winnipeg,3FMCR9C67RRE61082,7527,2024,FORD,BRONCO SPORT,Outer Banks,SUV,,Automatic,,Black,Black,51606,31495.0,31495.0,31495.0,21,Used,https://alfaromeowinnipeg.ca/Inventory/2024-FORD-BRONCOSPORT-OuterBanks-3FMCR9C67RRE61082,https://portal.omni.auto/Media/InventoryMedia/3FMCR9C67RRE61082/Optimized/839e7e1b800088b850c165a485f53301.webp
alfa-romeo-winnipeg,5TDJZ3DCXKS214994,7369,2019,TOYOTA,SIENNA,LE,Minivan,,Automatic,GASOLINE,Gray,Beige,130114,31995.0,31995.0,31995.0,85,Used,https://alfaromeowinnipeg.ca/Inventory/2019-TOYOTA-SIENNA-LE-5TDJZ3DCXKS214994,https://portal.omni.auto/Media/InventoryMedia/5TDJZ3DCXKS214994/Optimized/d98ec009ce71d9ee7d17cebe276f5fff.webp
alfa-romeo-winnipeg,3MW5R7J06N8C58620,7342,2022,BMW,3 SERIES,330i xDrive,Sedan,,Automatic,GASOLINE,White,Black,110832,31995.0,31995.0,31995.0,98,Used,https://alfaromeowinnipeg.ca/Inventory/2022-BMW-3SERIES-330ixDrive-3MW5R7J06N8C58620,https://portal.omni.auto/Media/InventoryMedia/3MW5R7J06N8C58620/Optimized/846017670d3ad6b9ca675a6e96395fff.webp
alfa-romeo-winnipeg,1V2TR2CA8MC574433,7268,2021,VOLKSWAGEN,ATLAS,Execline Leather Nav Sunroof,SUV,,Automatic,GASOLINE,Black,Black,104358,32495.0,32495.0,32495.0,132,Used,https://alfaromeowinnipeg.ca/Inventory/2021-VOLKSWAGEN-ATLAS-ExeclineLeatherNavSunroof-1V2TR2CA8MC574433,https://portal.omni.auto/Media/InventoryMedia/1V2TR2CA8MC574433/Optimized/550c777909764fbaf1d54d2141fac505.webp
alfa-romeo-winnipeg,2C3CCAGG4PH590145,7511,2023,CHRYSLER,300,300S,Sedan,,Automatic,GASOLINE,Black,Black,64579,33495.0,33495.0,33495.0,28,Used,https://alfaromeowinnipeg.ca/Inventory/2023-CHRYSLER-300-300S-2C3CCAGG4PH590145,https://portal.omni.auto/Media/InventoryMedia/2C3CCAGG4PH590145/Optimized/643a302181ba297b08665418dbf85782.webp
alfa-romeo-winnipeg,1FMSK8FH9LGB68953,7441,2020,FORD,EXPLORER,Limited,,,Automatic,GASOLINE,Blue,Black,111566,33495.0,33495.0,33495.0,56,Used,https://alfaromeowinnipeg.ca/Inventory/2020-FORD-EXPLORER-Limited-1FMSK8FH9LGB68953,https://portal.omni.auto/Media/InventoryMedia/1FMSK8FH9LGB68953/Optimized/3e7421f968d5d46b26fea9405d175e1d.webp
alfa-romeo-winnipeg,5J8TC2H69LL800485,7508,2020,ACURA,RDX,A-Spec,SUV,,Automatic,GASOLINE,White,Black,119448,33495.0,33495.0,33495.0,28,Used,https://alfaromeowinnipeg.ca/Inventory/2020-ACURA-RDX-A-Spec-5J8TC2H69LL800485,https://portal.omni.auto/Media/InventoryMedia/5J8TC2H69LL800485/Optimized/959bc050b67d1d250a998c9a30fec3cf.webp
alfa-romeo-winnipeg,2C3CCASG7PH628443,7512,2023,CHRYSLER,300,Touring ,Sedan,,Automatic,GASOLINE,White,Black,65020,33995.0,33995.0,33995.0,28,Used,https://alfaromeowinnipeg.ca/Inventory/2023-CHRYSLER-300-Touring-2C3CCASG7PH628443,https://portal.omni.auto/Media/InventoryMedia/2C3CCASG7PH628443/Optimized/4bd05e5fbb7230b18fdd004637bb6060.webp
alfa-romeo-winnipeg,YV4A22PK8K1440382,D94368A,2019,VOLVO,XC90,Momentum,SUV,,Automatic,GASOLINE,Black,Black,105211,34495.0,34495.0,34495.0,29,Used,https://alfaromeowinnipeg.ca/Inventory/2019-VOLVO-XC90-Momentum-YV4A22PK8K1440382,https://portal.omni.auto/Media/InventoryMedia/YV4A22PK8K1440382/Optimized/e1e0561090a91e3475a353f6a960ac9c.webp
alfa-romeo-winnipeg,2C3CDXJG2PH577029,7243,2023,DODGE,CHARGER,SXT,Sedan,,Automatic,GASOLINE,Silver,Black,82916,34495.0,34495.0,34495.0,136,Used,https://alfaromeowinnipeg.ca/Inventory/2023-DODGE-CHARGER-SXT-2C3CDXJG2PH577029,https://portal.omni.auto/Media/InventoryMedia/2C3CDXJG2PH577029/Optimized/1887aa85b9f8cb096a6ef462f9b1b8af.webp
alfa-romeo-winnipeg,ZN661XUA5JX284333,6530,2018,MASERATI,LEVANTE,GranLusso,Sport,,Automatic,GASOLINE,White,,111922,34995.0,34995.0,34995.0,601,Used,https://alfaromeowinnipeg.ca/Inventory/2018-MASERATI-LEVANTE-GranLusso-ZN661XUA5JX284333,https://portal.omni.auto/Media/InventoryMedia/ZN661XUA5JX284333/Optimized/92d1d8cba91dcca82fb58071aa170452.jpg
alfa-romeo-winnipeg,JTJBARBZ1K2206180,7521,2019,LEXUS,NX,NX 300,SUV,,Automatic,GASOLINE,White,Black,64563,34995.0,34995.0,34995.0,21,Used,https://alfaromeowinnipeg.ca/Inventory/2019-LEXUS-NX-NX300-JTJBARBZ1K2206180,https://portal.omni.auto/Media/InventoryMedia/JTJBARBZ1K2206180/Optimized/b2e75bb242e8e057bb668c1393159591.webp
alfa-romeo-winnipeg,SADCX2GX4LA636026,7518,2020,JAGUAR,F-PACE,30t 300 Sport,SUV,,Automatic,GASOLINE,Gray,Black/Yellow,88800,35495.0,35495.0,35495.0,26,Used,https://alfaromeowinnipeg.ca/Inventory/2020-JAGUAR-F-PACE-30t300Sport-SADCX2GX4LA636026,https://portal.omni.auto/Media/InventoryMedia/SADCX2GX4LA636026/Optimized/ea5cf31e0c0ce6afaed10a3ef738d91c.webp
alfa-romeo-winnipeg,ZASPAKBN4M7D07966,7289,2021,ALFA ROMEO,STELVIO,Ti AWD,SUV,,Automatic,GASOLINE,Black,Black,0,35995.0,35995.0,35995.0,104,Used,https://alfaromeowinnipeg.ca/Inventory/2021-ALFAROMEO-STELVIO-TiAWD-ZASPAKBN4M7D07966,https://portal.omni.auto/Media/InventoryMedia/ZASPAKBN4M7D07966/Optimized/51c23a21438d9e471713d11bf96a4433.webp
alfa-romeo-winnipeg,1V2FR2CA1NC540610,7540,2022,VOLKSWAGEN,ATLAS,Execline,SUV,,Automatic,GASOLINE,Gray,Black,127945,36495.0,36495.0,36495.0,15,Used,https://alfaromeowinnipeg.ca/Inventory/2022-VOLKSWAGEN-ATLAS-Execline-1V2FR2CA1NC540610,https://portal.omni.auto/Media/InventoryMedia/1V2FR2CA1NC540610/Optimized/257bb18c713280eb9d5c589631075d1f.webp
alfa-romeo-winnipeg,1V2TR2CA5MC566564,7522,2021,VOLKSWAGEN,ATLAS,Execline ,SUV,,Automatic,GASOLINE,White,Black,46105,36995.0,36995.0,36995.0,21,Used,https://alfaromeowinnipeg.ca/Inventory/2021-VOLKSWAGEN-ATLAS-Execline-1V2TR2CA5MC566564,https://portal.omni.auto/Media/InventoryMedia/1V2TR2CA5MC566564/Optimized/09c49e85dbcd8a088903b863d32d2b02.webp
alfa-romeo-winnipeg,5TDGZRBH3MS543373,7390,2021,TOYOTA,HIGHLANDER,XLE,SUV,,Automatic,GASOLINE,Gray,Black,158267,37495.0,37495.0,37495.0,78,Used,https://alfaromeowinnipeg.ca/Inventory/2021-TOYOTA-HIGHLANDER-XLE-5TDGZRBH3MS543373,https://portal.omni.auto/Media/InventoryMedia/5TDGZRBH3MS543373/Optimized/e2e4b5d3ef934c0a2a57aad3660d818f.webp
alfa-romeo-winnipeg,1C4GJXAN6NW272491,7524,2022,JEEP,WRANGLER,Willys Sport,Convertible/SUV,,Automatic,GASOLINE,Black,Black,59737,37995.0,37995.0,37995.0,21,Used,https://alfaromeowinnipeg.ca/Inventory/2022-JEEP-WRANGLER-WillysSport-1C4GJXAN6NW272491,https://portal.omni.auto/Media/InventoryMedia/1C4GJXAN6NW272491/Optimized/9b60ebdf3103cac10aac33af667095ff.webp
alfa-romeo-winnipeg,5FNRL6H89LB501177,7473,2020,HONDA,ODYSSEY,Touring,Van,,Automatic,GASOLINE,Blue,Black,117053,37995.0,37995.0,37995.0,42,Used,https://alfaromeowinnipeg.ca/Inventory/2020-HONDA-ODYSSEY-Touring-5FNRL6H89LB501177,https://portal.omni.auto/Media/InventoryMedia/5FNRL6H89LB501177/Optimized/44086f2b072e29632ed53f8109df1076.webp
alfa-romeo-winnipeg,2HKRS4H2XRH105062,7425,2024,HONDA,CR-V,LX-B,SUV,,Automatic,GASOLINE,Silver,Black,47020,37995.0,37995.0,37995.0,63,Used,https://alfaromeowinnipeg.ca/Inventory/2024-HONDA-CR-V-LX-B-2HKRS4H2XRH105062,https://portal.omni.auto/Media/InventoryMedia/2HKRS4H2XRH105062/Optimized/577ed80ded4791109ceef74ef7dfb578.webp
alfa-romeo-winnipeg,2T3J1RFV3MW165793,7514,2021,TOYOTA,RAV4,Trail,SUV,,Automatic,GASOLINE,Green,Black,47443,37995.0,37995.0,37995.0,28,Used,https://alfaromeowinnipeg.ca/Inventory/2021-TOYOTA-RAV4-Trail-2T3J1RFV3MW165793,https://portal.omni.auto/Media/InventoryMedia/2T3J1RFV3MW165793/Optimized/d967bb69b53aa8d989f0b1df50ec54bd.webp
alfa-romeo-winnipeg,1C4HJXEG9MW732810,7523,2021,JEEP,WRANGLER,Unlimited Sahara,SUV,,Automatic,GASOLINE,Gray,Black,64608,38495.0,38495.0,38495.0,21,Used,https://alfaromeowinnipeg.ca/Inventory/2021-JEEP-WRANGLER-UnlimitedSahara-1C4HJXEG9MW732810,https://portal.omni.auto/Media/InventoryMedia/1C4HJXEG9MW732810/Optimized/af5eddcdbd115891cb1a16455281f7e8.webp
alfa-romeo-winnipeg,ZASPAKBN1N7D40098,457373A,2022,ALFA ROMEO,STELVIO,Veloce,SUV,,Automatic,GASOLINE,White,Red,56391,38995.0,38995.0,38995.0,219,Used,https://alfaromeowinnipeg.ca/Inventory/2022-ALFAROMEO-STELVIO-Veloce-ZASPAKBN1N7D40098,https://portal.omni.auto/Media/InventoryMedia/ZASPAKBN1N7D40098/Optimized/9211fdd7d0ef2cc1637025aa43356caf.webp
alfa-romeo-winnipeg,ZN661YUS0JX291432,5988,2018,MASERATI,LEVANTE,S GranSport,suv,,8 speed automatic,gas,blue,red,55237,38995.0,38995.0,38995.0,715,Used,https://alfaromeowinnipeg.ca/Inventory/2018-MASERATI-LEVANTE-SGranSport-ZN661YUS0JX291432,https://portal.omni.auto/Media/InventoryMedia/ZN661YUS0JX291432/Optimized/3bb99fdd875c29c9a6b78eb7403f8a49.jpg
alfa-romeo-winnipeg,5FNYF6H08MB501461,7553,2021,HONDA,PILOT,Black Edition,SUV,,Automatic,GASOLINE,Black,Black,122802,38995.0,38995.0,38995.0,8,Used,https://alfaromeowinnipeg.ca/Inventory/2021-HONDA-PILOT-BlackEdition-5FNYF6H08MB501461,https://portal.omni.auto/Media/InventoryMedia/5FNYF6H08MB501461/Optimized/036471437cc07b5a3c491a277317f9e8.webp
alfa-romeo-winnipeg,ZN661YUL4JX274206,6407,2018,MASERATI,LEVANTE S GRAN LUSSO,,,,,,,,75652,38995.0,38995.0,38995.0,688,Used,https://alfaromeowinnipeg.ca/Inventory/2018-MASERATI-LEVANTE-S-GRAN-LUSSO-ZN661YUL4JX274206,
alfa-romeo-winnipeg,ZASPATAW2R3028981,3038410A,2024,ALFA ROMEO,ALL-NEW TONALE EAWD (PHEV),Sprint,SUV,,6-speed automatic,premium unleaded,Alfa Black,Black,0,39995.0,39995.0,39995.0,54,Used,https://alfaromeowinnipeg.ca/Inventory/2024-ALFAROMEO-ALL-NEWTONALEEAWD(PHEV)-Sprint-ZASPATAW2R3028981,https://portal.omni.auto/Media/InventoryMedia/ZASPATAW2R3028981/Optimized/af4adc69738eb77f3a92d5c4ac0d9990.webp
alfa-romeo-winnipeg,3TYDZ5BNXPT027893,7542,2023,TOYOTA,TACOMA,,,,,,,,91057,39995.0,39995.0,39995.0,15,Used,https://alfaromeowinnipeg.ca/Inventory/2023-TOYOTA-TACOMA-3TYDZ5BNXPT027893,
alfa-romeo-winnipeg,3TYDZ5BN1PT027930,7469,2023,TOYOTA,TACOMA,Base,Truck,,Automatic,GASOLINE,White,Black,117113,40495.0,40495.0,40495.0,43,Used,https://alfaromeowinnipeg.ca/Inventory/2023-TOYOTA-TACOMA-Base-3TYDZ5BN1PT027930,https://portal.omni.auto/Media/InventoryMedia/3TYDZ5BN1PT027930/Optimized/cf7713a7607fbc543c4fdc87635e1a8e.webp
alfa-romeo-winnipeg,ZASPAKBN2M7D04256,5618A,2021,ALFA ROMEO,STELVIO,Sport,suv,,8 speed automatic,gas,blue,black,48000,40995.0,40995.0,40995.0,715,Used,https://alfaromeowinnipeg.ca/Inventory/2021-ALFAROMEO-STELVIO-Sport-ZASPAKBN2M7D04256,https://portal.omni.auto/Media/InventoryMedia/ZASPAKBN2M7D04256/Optimized/a92594f179013858e2e85449731f6610.jpg
alfa-romeo-winnipeg,5J8TC2H68PL805537,7493,2023,ACURA,RDX,A-Spec,SUV,,Automatic,GASOLINE,Grey,Black,64058,42995.0,42995.0,42995.0,31,Used,https://alfaromeowinnipeg.ca/Inventory/2023-ACURA-RDX-A-Spec-5J8TC2H68PL805537,https://portal.omni.auto/Media/InventoryMedia/5J8TC2H68PL805537/Optimized/20f5d742a61002e9e097fccec83da824.webp
alfa-romeo-winnipeg,ZN661YUL9KX320257,ST7290,2019,MASERATI,LEVANTE,S GranLusso,SUV,,Automatic,GASOLINE,White,Black,44163,44995.0,44995.0,44995.0,27,Used,https://alfaromeowinnipeg.ca/Inventory/2019-MASERATI-LEVANTE-SGranLusso-ZN661YUL9KX320257,https://portal.omni.auto/Media/InventoryMedia/ZN661YUL9KX320257/Optimized/d5a5eda6da436bda0e781f057ea57ee0.webp
alfa-romeo-winnipeg,5UXCR6C51KLK81254,7503,2019,BMW,X5,xDrive40i,SUV,,Automatic,GASOLINE,Black,Black,94643,44995.0,44995.0,44995.0,28,Used,https://alfaromeowinnipeg.ca/Inventory/2019-BMW-X5-xDrive40i-5UXCR6C51KLK81254,https://portal.omni.auto/Media/InventoryMedia/5UXCR6C51KLK81254/Optimized/c880b496c48b2ff0dc46a5fcd5f3a6a7.webp
alfa-romeo-winnipeg,1FMDE5CP3NLB33233,ST7314A,2022,FORD,BRONCO,Outerbanks,SUV,,Automatic,GASOLINE,White,Grey/Navy,38000,46995.0,46995.0,46995.0,98,Used,https://alfaromeowinnipeg.ca/Inventory/2022-FORD-BRONCO-Outerbanks-1FMDE5CP3NLB33233,https://portal.omni.auto/Media/InventoryMedia/1FMDE5CP3NLB33233/Optimized/ede404ac1a792ca8deee51190fd9e938.webp
alfa-romeo-winnipeg,5FNYF6H6XNB502942,7439,2022,HONDA,PILOT,Touring 7 Passenger,SUV,,Automatic,GASOLINE,Gray,bLACK,69941,47995.0,47995.0,47995.0,56,Used,https://alfaromeowinnipeg.ca/Inventory/2022-HONDA-PILOT-Touring7Passenger-5FNYF6H6XNB502942,https://portal.omni.auto/Media/InventoryMedia/5FNYF6H6XNB502942/Optimized/17d0939650a58fbb72b9c26c0572e598.webp
alfa-romeo-winnipeg,JN8AZ2AE0M9272649,7558,2021,INFINITI,QX80,ProActive,SUV,,Automatic,GASOLINE,Blue,Brown,116639,47995.0,47995.0,47995.0,8,Used,https://alfaromeowinnipeg.ca/Inventory/2021-INFINITI-QX80-ProActive-JN8AZ2AE0M9272649,https://portal.omni.auto/Media/InventoryMedia/JN8AZ2AE0M9272649/Optimized/f71b43ea540429433fa33d3ccb524e93.webp
alfa-romeo-winnipeg,ZN661YUL0KX320258,ST6594B,2019,MASERATI,LEVANTE,S GranLusso,Sport,,Automatic,GASOLINE,White,,56000,49995.0,49995.0,49995.0,434,Used,https://alfaromeowinnipeg.ca/Inventory/2019-MASERATI-LEVANTE-SGranLusso-ZN661YUL0KX320258,https://portal.omni.auto/Media/InventoryMedia/ZN661YUL0KX320258/Optimized/d5a5eda6da436bda0e781f057ea57ee0.webp
alfa-romeo-winnipeg,ZASNATANXS3103947,,2025,ALFA ROMEO,TONALE,,,,,,,,0,56190.0,56190.0,56190.0,35,Used,https://alfaromeowinnipeg.ca/Inventory/2025-ALFA-ROMEO-TONALE-ZASNATANXS3103947,
alfa-romeo-winnipeg,ZN682AVAXP7416352,3089625AA,2023,MASERATI,GRECALE,GT,SUV,,Automatic,GASOLINE,Black,Brown,29924,56995.0,56995.0,56995.0,49,Used,https://alfaromeowinnipeg.ca/Inventory/2023-MASERATI-GRECALE-GT-ZN682AVAXP7416352,https://portal.omni.auto/Media/InventoryMedia/ZN682AVAXP7416352/Optimized/1547e8ea0bd51d097005d4c9a2c233b3.webp
alfa-romeo-winnipeg,3C6UR5SL2KG556084,ST7533A,2019,RAM,2500,Limited,Truck,,Automatic,GASOLINE,White,Black,0,58995.0,58995.0,58995.0,33,Used,https://alfaromeowinnipeg.ca/Inventory/2019-RAM-2500-Limited-3C6UR5SL2KG556084,https://portal.omni.auto/Media/InventoryMedia/3C6UR5SL2KG556084/Optimized/cde3402c86b2d5f1c3587e19d9ec72ba.webp
alfa-romeo-winnipeg,ZASPATAWXS3089792,3089792,2025,ALFA ROMEO,TONALE EAWD (PHEV),Veloce,EAWD Sport Utility,,6-speed automatic,GASOLINE,Alfa Black,Black w/Tan Stitching,0,59885.0,59885.0,59885.0,179,Used,https://alfaromeowinnipeg.ca/Inventory/2025-ALFAROMEO-TONALEEAWD(PHEV)-Veloce-ZASPATAWXS3089792,https://portal.omni.auto/Media/InventoryMedia/ZASPATAWXS3089792/Optimized/7940e368e52e9a7e5d87ad8b44c1eaae.webp
alfa-romeo-winnipeg,ZASPATAW4S3095832,3095832,2025,ALFA ROMEO,TONALE EAWD (PHEV),Intensa,EAWD Sport Utility,,6-speed automatic,GASOLINE,Alfa Black,Black Interior,0,61190.0,61190.0,61190.0,179,Used,https://alfaromeowinnipeg.ca/Inventory/2025-ALFAROMEO-TONALEEAWD(PHEV)-Intensa-ZASPATAW4S3095832,https://portal.omni.auto/Media/InventoryMedia/ZASPATAW4S3095832/Optimized/d7afd4f073cdf396f051098832e7632e.webp
alfa-romeo-winnipeg,ZASPATAW6S3089899,ZASPATAW6S3089899,2025,ALFA ROMEO,TONALE EAWD (PHEV),,,,,,,,0,61385.0,61385.0,61385.0,267,Used,https://alfaromeowinnipeg.ca/Inventory/2025-ALFA-ROMEO-TONALE-EAWD-(PHEV)-ZASPATAW6S3089899,
alfa-romeo-winnipeg,ZASPATAW4S3091294,3091294,2025,ALFA ROMEO,TONALE EAWD (PHEV),Veloce,EAWD Sport Utility,,6-speed automatic,GASOLINE,Milano White,Black w/Tan Stitching,0,62485.0,62485.0,62485.0,179,Used,https://alfaromeowinnipeg.ca/Inventory/2025-ALFAROMEO-TONALEEAWD(PHEV)-Veloce-ZASPATAW4S3091294,https://portal.omni.auto/Media/InventoryMedia/ZASPATAW4S3091294/Optimized/578eaabc6e2c38b5a6f2274257790186.webp
alfa-romeo-winnipeg,ZASPATTW9S3089389,ZASPATTW9S3089389,2025,ALFA ROMEO,TONALE EAWD (PHEV),Tributo,EAWD Sport Utility,,6-speed automatic,GASOLINE,Milano White,Black w/Red Stitching,0,63285.0,63285.0,63285.0,376,Used,https://alfaromeowinnipeg.ca/Inventory/2025-ALFAROMEO-TONALEEAWD(PHEV)-Tributo-ZASPATTW9S3089389,https://portal.omni.auto/Media/InventoryMedia/ZASPATTW9S3089389/Optimized/038a64b2ac26e678d50d8446b355188a.webp
alfa-romeo-winnipeg,ZASPATTW8S3089335,ZASPATTW8S3089335,2025,ALFA ROMEO,TONALE EAWD (PHEV),Tributo,EAWD Sport Utility,,6-speed automatic,GASOLINE,Milano White,Black w/Red Stitching,0,63285.0,63285.0,63285.0,376,Used,https://alfaromeowinnipeg.ca/Inventory/2025-ALFAROMEO-TONALEEAWD(PHEV)-Tributo-ZASPATTW8S3089335,https://portal.omni.auto/Media/InventoryMedia/ZASPATTW8S3089335/Optimized/7255d7e4accf4415430d5b345d586115.webp
alfa-romeo-winnipeg,ZASPATAW6S3096321,3096321,2025,ALFA ROMEO,TONALE EAWD (PHEV),Intensa,EAWD Sport Utility,,6-speed automatic,GASOLINE,Verde Fangio Metallic,Black Interior,0,63290.0,63290.0,63290.0,214,Used,https://alfaromeowinnipeg.ca/Inventory/2025-ALFAROMEO-TONALEEAWD(PHEV)-Intensa-ZASPATAW6S3096321,https://portal.omni.auto/Media/InventoryMedia/ZASPATAW6S3096321/Optimized/e325e8e295e15c0013b29608361599a5.webp
alfa-romeo-winnipeg,ZASPATAW1S3090409,3090409,2025,ALFA ROMEO,TONALE EAWD (PHEV),Veloce,EAWD Sport Utility,,6-speed automatic,GASOLINE,Grigio Ascari Metallic,Black w/Tan Stitching,0,63385.0,63385.0,63385.0,179,Used,https://alfaromeowinnipeg.ca/Inventory/2025-ALFAROMEO-TONALEEAWD(PHEV)-Veloce-ZASPATAW1S3090409,https://portal.omni.auto/Media/InventoryMedia/ZASPATAW1S3090409/Optimized/2ecfdc8da03013bba4ad487296013d65.webp
alfa-romeo-winnipeg,ZN661YUL6LX353931,389034B,2020,MASERATI,LEVANTE,Gran Lusso,suv,,8 speed automatic,gas,blue,black,29856,63995.0,63995.0,63995.0,715,Used,https://alfaromeowinnipeg.ca/Inventory/2020-MASERATI-LEVANTE-GranLusso-ZN661YUL6LX353931,https://portal.omni.auto/Media/InventoryMedia/ZN661YUL6LX353931/Optimized/94764eda5e1e7e420b263a9ce0cbe281.webp
alfa-romeo-winnipeg,ZARFANAN2S7689067,ZARFANAN2S7689067,2025,ALFA ROMEO,GIULIA,,,,,,,,0,66690.0,66690.0,66690.0,376,Used,https://alfaromeowinnipeg.ca/Inventory/2025-ALFA-ROMEO-GIULIA-ZARFANAN2S7689067,
alfa-romeo-winnipeg,ZARFANAN2S7688985,ZARFANAN2S7688985,2025,ALFA ROMEO,GIULIA,,,,,,,,0,66690.0,66690.0,66690.0,376,Used,https://alfaromeowinnipeg.ca/Inventory/2025-ALFA-ROMEO-GIULIA-ZARFANAN2S7688985,
alfa-romeo-winnipeg,ZARFANAN9S7692533,ZARFANAN9S7692533,2025,ALFA ROMEO,GIULIA,Intensa,Sedan,,8-speed automatic,GASOLINE,Vulcano Black Metallic,Black/Tan,0,69090.0,69090.0,69090.0,153,Used,https://alfaromeowinnipeg.ca/Inventory/2025-ALFAROMEO-GIULIA-Intensa-ZARFANAN9S7692533,https://portal.omni.auto/Media/InventoryMedia/ZARFANAN9S7692533/Optimized/0ed5f6676c6c6ea1c302ccd7f4200955.webp
alfa-romeo-winnipeg,1G1YC3D49N5110301,ST7197A,2022,CHEVROLET,CORVETTE,3LT,Convertible,,Automatic,GASOLINE,Silver,Brown,32650,87995.0,87995.0,87995.0,183,Used,https://alfaromeowinnipeg.ca/Inventory/2022-CHEVROLET-CORVETTE-3LT-1G1YC3D49N5110301,https://portal.omni.auto/Media/InventoryMedia/1G1YC3D49N5110301/Optimized/c952d3079849411d42bbf3f5106f7fae.webp
alfa-romeo-winnipeg,JN8AZ3CCXS9603459,P1507,2025,INFINITI,QX80,Autograph,SUV,,Automatic,GASOLINE,Black,Black,2863,116888.0,116888.0,116888.0,239,Used,https://alfaromeowinnipeg.ca/Inventory/2025-INFINITI-QX80-Autograph-JN8AZ3CCXS9603459,https://portal.omni.auto/Media/InventoryMedia/JN8AZ3CCXS9603459/Optimized/9c7beec9380ab6171237bb9e1017cd33.webp
alfa-romeo-winnipeg,3C4PDDFGXET244313,7397A,2014,DODGE,JOURNEY,R/T AWD,,,,,,,0,0.0,0.0,0.0,6,Used,https://alfaromeowinnipeg.ca/Inventory/2014-DODGE-JOURNEY-R/T-AWD-3C4PDDFGXET244313,
alfa-romeo-winnipeg,5N1DR2MM7JC633977,7570,2018,NISSAN,PATHFINDER,S,,,,,,,107808,0.0,0.0,0.0,0,Used,https://alfaromeowinnipeg.ca/Inventory/2018-NISSAN-PATHFINDER-S-5N1DR2MM7JC633977,
alfa-romeo-winnipeg,1C6RR7GT9JS248881,7567,2018,RAM,1500,SLT,,,,,,,155413,0.0,0.0,0.0,1,Used,https://alfaromeowinnipeg.ca/Inventory/2018-RAM-1500-SLT-1C6RR7GT9JS248881,
alfa-romeo-winnipeg,JF1VA1A66K8810772,ST6903,2019,SUBARU,WRX,Base,,,,,,,60000,0.0,0.0,0.0,15,Used,https://alfaromeowinnipeg.ca/Inventory/2019-SUBARU-WRX-Base-JF1VA1A66K8810772,
alfa-romeo-winnipeg,1C4HJXDG4JW104795,7569,2018,JEEP,WRANGLER UNLIMITED,Sport,,,,,,,170242,0.0,0.0,0.0,1,Used,https://alfaromeowinnipeg.ca/Inventory/2018-JEEP-WRANGLER-UNLIMITED-Sport-1C4HJXDG4JW104795,
alfa-romeo-winnipeg,JM3TCBCY3P0630209,7568,2023,MAZDA,CX-9,GS-L,,,,,,,86490,0.0,0.0,0.0,1,Used,https://alfaromeowinnipeg.ca/Inventory/2023-MAZDA-CX-9-GS-L-JM3TCBCY3P0630209,
alfa-romeo-winnipeg,JN8AZ1MWXBW171762,7076A,2011,NISSAN,MURANO,S,CUV,,Automatic,GASOLINE,Silver,,140000,6995.0,6995.0,6995.0,170,Used,https://alfaromeowinnipeg.ca/Inventory/2011-NISSAN-MURANO-S-JN8AZ1MWXBW171762,https://portal.omni.auto/Media/InventoryMedia/JN8AZ1MWXBW171762/Optimized/06b54420-36f4-425d-9a5f-c9597d9cffc7.png
alfa-romeo-winnipeg,WP1AA2A53HLB00822,ST7517A,2017,PORSCHE,MACAN,Base,SUV,,Automatic,GASOLINE,,,0,27995.0,27995.0,27995.0,10,Used,https://alfaromeowinnipeg.ca/Inventory/2017-PORSCHE-MACAN-Base-WP1AA2A53HLB00822,https://portal.omni.auto/Media/InventoryMedia/WP1AA2A53HLB00822/Optimized/06b54420-36f4-425d-9a5f-c9597d9cffc7.png
alfa-romeo-winnipeg,ZASNATAN3S3104244,,2025,ALFA ROMEO,TONALE,Intensa,Sport Utility,,9-speed automatic,GASOLINE,Alfa Rosso,Black Interior,0,55340.0,55340.0,55340.0,35,Used,https://alfaromeowinnipeg.ca/Inventory/2025-ALFAROMEO-TONALE-Intensa-ZASNATAN3S3104244,https://portal.omni.auto/Media/InventoryMedia/ZASNATAN3S3104244/Optimized/06b54420-36f4-425d-9a5f-c9597d9cffc7.png
alfa-romeo-winnipeg,ZASNATAN5S3103662,,2025,ALFA ROMEO,TONALE,,,,,,,,0,56190.0,56190.0,56190.0,35,Used,https://alfaromeowinnipeg.ca/Inventory/2025-ALFA-ROMEO-TONALE-ZASNATAN5S3103662,
alfa-romeo-winnipeg,ZASNATAN7S3103968,,2025,ALFA ROMEO,TONALE,,,,,,,,0,57090.0,57090.0,57090.0,35,Used,https://alfaromeowinnipeg.ca/Inventory/2025-ALFA-ROMEO-TONALE-ZASNATAN7S3103968,
alfa-romeo-winnipeg,ZASNATAN0S3103925,,2025,ALFA ROMEO,TONALE,,,,,,,,0,58190.0,58190.0,58190.0,35,Used,https://alfaromeowinnipeg.ca/Inventory/2025-ALFA-ROMEO-TONALE-ZASNATAN0S3103925,
alfa-romeo-winnipeg,ZN661XUL9MX372484,7565,2021,MASERATI,LEVANTE,GranLusso,,,,,,,11513,0.0,0.0,0.0,0,Used,https://alfaromeowinnipeg.ca/Inventory/2021-MASERATI-LEVANTE-GranLusso-ZN661XUL9MX372484,
alfa-romeo-winnipeg,JA4AHUAU1PU604949,7561,2023,MITSUBISHI,RVR,ES,,,,,,,83981,0.0,0.0,0.0,6,Used,https://alfaromeowinnipeg.ca/Inventory/2023-MITSUBISHI-RVR-ES-JA4AHUAU1PU604949,
kenora-chrysler,1C4RJHBG1P8799053,UV-029,2023,Jeep,Grand Cherokee,Limited  - Leather Seats,SUV,AWD,8 Speed Automatic,Gas,White,,76417,44495,44495,44495,397,Used,https://www.kenorachrysler.com//vehicles/2023/Jeep/Grand Cherokee/Kenora/ON/64224316/?sale_class=Used,https://1s-photomanager-prd.autotradercdn.ca/photos/import/202506/1301/4633/51a8d734-fb4b-49ad-9b9d-31c648dde2fb.jpg-420x315
kenora-chrysler,1FMCU9J95NUA55350,UV-028,2022,Ford,Escape,Titanium AWD  - Navigation -  Premium Audio,SUV,AWD,8 Speed Automatic,Gas,Black,,85059,29495,29495,29495,397,Used,https://www.kenorachrysler.com//vehicles/2022/Ford/Escape/Kenora/ON/64224321/?sale_class=Used,https://1s-photomanager-prd.autotradercdn.ca/photos/import/202510/1701/4604/175292bb-fa6d-4be5-a676-9074303c8f86.jpg-420x315
kenora-chrysler,1C4RJHBG3PC540058,UV-035,2023,Jeep,Grand Cherokee,Limited  - Leather Seats,SUV,AWD,8 Speed Automatic,Gas,White,,74230,44495,44495,44495,397,Used,https://www.kenorachrysler.com//vehicles/2023/Jeep/Grand Cherokee/Kenora/ON/64224345/?sale_class=Used,https://1s-photomanager-prd.autotradercdn.ca/photos/import/202506/1301/4636/d0bca967-eedc-4db4-9415-7e2e77bad5cd.jpg-420x315
kenora-chrysler,1C4RJHBG9P8829559,UV-036,2023,Jeep,Grand Cherokee,Limited  - Leather Seats,SUV,AWD,8 Speed Automatic,Gas,Black,,66695,38495,38495,38495,394,Used,https://www.kenorachrysler.com//vehicles/2023/Jeep/Grand Cherokee/Kenora/ON/64259563/?sale_class=Used,https://1s-photomanager-prd.autotradercdn.ca/photos/import/202510/1701/4600/1f264e02-b7d8-4cb5-b0a1-036ac615250b.jpg-420x315
kenora-chrysler,4T1G11AK8NU022552,UV-031,2022,Toyota,Camry,SE  - Heated Seats -  Apple CarPlay,Sedan,FWD,8 Speed Automatic,Gas,Red,,90503,26400,27495,26400,394,Used,https://www.kenorachrysler.com//vehicles/2022/Toyota/Camry/Kenora/ON/64259600/?sale_class=Used,https://1s-photomanager-prd.autotradercdn.ca/photos/import/202508/2101/4618/068ceb59-6e4c-454f-a4c3-79d064e9f6e7.jpg-420x315
kenora-chrysler,1C4SJVBP2RS112782,UV-034,2024,Jeep,Wagoneer,Series II Carbide  - Leather Seats,SUV,AWD,8 Speed Automatic,Gas,Red,,84079,69995,75995,69995,386,Used,https://www.kenorachrysler.com//vehicles/2024/Jeep/Wagoneer/Kenora/ON/64354151/?sale_class=Used,https://1s-photomanager-prd.autotradercdn.ca/photos/import/202506/1901/4611/be43bd20-059a-49a0-a608-410004cbd732.jpg-420x315
kenora-chrysler,2T3B1RFV3NW275569,UV-041,2022,Toyota,RAV4,LE AWD  - Heated Seats -  Apple CarPlay,SUV,AWD,8 Speed Automatic,Gas,Black,Grey,95155,32995,32995,32995,351,Used,https://www.kenorachrysler.com//vehicles/2022/Toyota/RAV4/Kenora/ON/64762824/?sale_class=Used,https://1s-photomanager-prd.autotradercdn.ca/photos/import/202509/1701/4912/a7916b11-f4e7-4c46-8971-bf080f92160c.jpg-420x315
kenora-chrysler,1C6SRFLP2SN580486,UV-053,2025,Ram,1500,Rebel  -  Navigation -  Apple CarPlay,Crew Cab,4x4,8 Speed Automatic,Gas,Red,,28821,63495,63495,63495,188,Used,https://www.kenorachrysler.com//vehicles/2025/Ram/1500/Kenora/ON/66607782/?sale_class=Used,https://1s-photomanager-prd.autotradercdn.ca/photos/import/202509/2401/4618/f58bd6d5-ea19-4569-8095-02ef896ae37f.jpg-420x315
kenora-chrysler,1V2LR2CA0RC567273,UV-051,2024,Volkswagen,Atlas,Comfortline 2.0 TSI  - Cooled Seats,SUV,AWD,8 Speed Automatic,Gas,White,,46011,47495,47495,47495,188,Used,https://www.kenorachrysler.com//vehicles/2024/Volkswagen/Atlas/Kenora/ON/66607779/?sale_class=Used,https://1s-photomanager-prd.autotradercdn.ca/photos/import/202510/1501/4551/7dc1cb17-82af-4e51-ac9b-b84c6acbd50d.jpg-420x315
kenora-chrysler,ZACPDFCW7R3A17074,24-002,2024,Dodge,Hornet,R/T PHEV  - Memory Seats - Power Seat,SUV,AWD,6 Speed Automatic,Gasoline Hybrid,Blue,Black,7713,48600,63600,48600,135,Used,https://www.kenorachrysler.com//vehicles/2024/Dodge/Hornet/Kenora/ON/67271634/?sale_class=Used,https://1s-photomanager-prd.autotradercdn.ca/photos/import/202511/1901/4558/99638008-d99b-422d-8bba-c3f345a5bf04.jpg-420x315
kenora-chrysler,ZACNDFBN8R3A32781,24-003,2024,Dodge,Hornet,GT Plus  - Leather Seats,SUV,AWD,Automatic,Gas,,Black,11572,38050,53050,38050,135,Used,https://www.kenorachrysler.com//vehicles/2024/Dodge/Hornet/Kenora/ON/67271635/?sale_class=Used,https://1s-photomanager-prd.autotradercdn.ca/photos/import/202511/1901/4600/44373432-5576-4f87-859f-2ce97b4f0ef3.jpg-420x315
kenora-chrysler,5XYRHDJF3RG295211,UV-062,2024,Kia,Sorento,X-Line  - Sunroof -  Navigation,SUV,AWD,8 Speed Automatic,Gas,White,,39950,47995,47995,47995,71,Used,https://www.kenorachrysler.com//vehicles/2024/Kia/Sorento/Kenora/ON/67977293/?sale_class=Used,https://1s-photomanager-prd.autotradercdn.ca/photos/import/202509/2801/4612/7655c5b0-aa97-4547-a543-bf8a8893effb.jpg-420x315
kenora-chrysler,2C4RC1BG8RR165022,UV-064,2024,Chrysler,Pacifica,Touring L  - Apple CarPlay,Minivan,FWD,Automatic,Gas,Red,,62899,44995,44995,44995,64,Used,https://www.kenorachrysler.com//vehicles/2024/Chrysler/Pacifica/Kenora/ON/68043208/?sale_class=Used,https://1s-photomanager-prd.autotradercdn.ca/photos/import/202510/0501/4606/7fa76a85-17b1-4cf8-9f76-f685e2ea9aef.jpg-420x315
kenora-chrysler,KNDEUCAA9R7487061,UV-063,2024,Kia,Seltos,EX  - Sunroof -  Heated Seats,SUV,AWD,CVT,Gas,Grey,,65534,34995,34995,34995,64,Used,https://www.kenorachrysler.com//vehicles/2024/Kia/Seltos/Kenora/ON/68043215/?sale_class=Used,https://1s-photomanager-prd.autotradercdn.ca/photos/import/202510/0501/4559/147cd739-8a7a-4296-913f-03c36b036419.jpg-420x315
kenora-chrysler,1C4RDJDG9PC615521,UV-061,2023,Dodge,Durango,GT  - Apple CarPlay -  Android Auto,SUV,AWD,8 Speed Automatic,Gas,,,71735,49995,49995,49995,63,Used,https://www.kenorachrysler.com//vehicles/2023/Dodge/Durango/Kenora/ON/68056755/?sale_class=Used,https://1s-photomanager-prd.autotradercdn.ca/photos/import/202510/0601/4548/277d5d69-86d8-4fef-94e5-896af874d20e.jpg-420x315
kenora-chrysler,2C3CCAGG5PH593281,UV-059,2023,Chrysler,300,S AWD  -  Sunroof -  Premium Audio,Sedan,AWD,8 Speed Automatic,Gas,White,,84441,39995,39995,39995,63,Used,https://www.kenorachrysler.com//vehicles/2023/Chrysler/300/Kenora/ON/68056768/?sale_class=Used,https://1s-photomanager-prd.autotradercdn.ca/photos/import/202510/0601/4548/8690d010-f162-43fa-8a8d-06d41537b9fb.jpg-420x315
kenora-chrysler,1C6SRFFP6SN518181,25-001,2025,Ram,1500,Big Horn  - Sunroof - RamBox,Crew Cab,4x4,8 Speed Automatic,Gas,Red,Black,1587,71029,88913,71029,20,Used,https://www.kenorachrysler.com//vehicles/2025/Ram/1500/Kenora/ON/68499078/?sale_class=Used,https://1s-photomanager-prd.autotradercdn.ca/photos/import/202511/1901/4605/553e570f-29b8-4b32-942b-a0f5d35117a2.jpg-420x315
kenora-chrysler,2C4RC1ZGXRR191725,24-020,2024,Chrysler,Grand Caravan,SXT  - Heated Seats,Minivan,FWD,9 Speed Automatic,Gas,White,,8815,46201,54928,46201,16,Used,https://www.kenorachrysler.com//vehicles/2024/Chrysler/Grand Caravan/Kenora/ON/68527121/?sale_class=Used,https://1s-photomanager-prd.autotradercdn.ca/photos/import/202511/1901/4523/e0e3ad8e-7d80-4f1a-a224-d1651e6e56b6.jpg-420x315
kenora-chrysler,1C4RJKBG2S8644565,25-049,2025,Jeep,Grand Cherokee L,Limited  - Low Mileage,SUV,AWD,8 Speed Automatic,Gas,Grey,,1921,61598,74175,61598,16,Used,https://www.kenorachrysler.com//vehicles/2025/Jeep/Grand Cherokee L/Kenora/ON/68527155/?sale_class=Used,https://1s-photomanager-prd.autotradercdn.ca/photos/import/202511/1901/4551/b2cfb747-be9b-4dab-9b85-a95d720e91d0.jpg-420x315
kenora-chrysler,1C6SRFFPXSN518183,25-002,2025,Ram,1500,Big Horn  - Night Edition - Low Mileage,Crew Cab,4x4,8 Speed Automatic,Gas,Silver,Black,1941,63852,80923,63852,16,Used,https://www.kenorachrysler.com//vehicles/2025/Ram/1500/Kenora/ON/68527156/?sale_class=Used,https://1s-photomanager-prd.autotradercdn.ca/photos/import/202511/1901/4544/d842bdd7-054a-4138-8e58-0eae5e529c7f.jpg-420x315
kenora-chrysler,2C4RC1ZGXRR202061,24-031,2024,Chrysler,Grand Caravan,SXT  - Heated Seats,Minivan,FWD,9 Speed Automatic,Gas,Silver,,10581,48361,55373,48361,16,Used,https://www.kenorachrysler.com//vehicles/2024/Chrysler/Grand Caravan/Kenora/ON/68527174/?sale_class=Used,https://1s-photomanager-prd.autotradercdn.ca/photos/import/202511/1901/4550/e404f0f1-a5a7-4379-94fb-32a204d2752b.jpg-420x315
kenora-chrysler,1C4RJKAG8R8582097,24-005,2024,Jeep,Grand Cherokee L,Laredo  - Heated Seats,SUV,AWD,8 Speed Automatic,Gas,Red,,3000,55434,64850,55434,15,Used,https://www.kenorachrysler.com//vehicles/2024/Jeep/Grand Cherokee L/Kenora/ON/68536679/?sale_class=Used,https://1s-photomanager-prd.autotradercdn.ca/photos/import/202511/1901/4523/babdd0ab-66fc-4fbb-adb2-5ec78676a185.jpg-420x315
kenora-chrysler,3C4NJDAN1RT157671,24-024,2024,Jeep,Compass,Sport,SUV,AWD,8 Speed Automatic,Gas,Grey,Black,10682,33155,41460,33155,14,Used,https://www.kenorachrysler.com//vehicles/2024/Jeep/Compass/Kenora/ON/68548915/?sale_class=Used,https://1s-photomanager-prd.autotradercdn.ca/photos/import/202511/1501/4520/08ee69ee-f1eb-425d-bda9-b148739d9ce2.jpg-420x315
kenora-chrysler,1C6RR7LT9PS521428,25-060A,2023,Ram,1500 Classic,SLT  - Aluminum Wheels -  Proximity Key,Crew Cab,4x4,8 Speed Automatic,Gas,,,53104,44995,44995,44995,1,Used,https://www.kenorachrysler.com//vehicles/2023/Ram/1500 Classic/Kenora/ON/68672313/?sale_class=Used,https://1s-photomanager-prd.autotradercdn.ca/photos/import/202511/2720/1825/2fa9b483-2bb7-48c3-a7dd-8bb27525c935.jpg-420x315
kenora-gm,3FMCR9B61RRE04894,342215B,2024,Ford,Bronco Sport,Big Bend,SUV,AWD,Automatic,Gas,Grey,Black,61472,31989,31989,31989,291,Used,https://www.kenoragm.com//vehicles/2024/Ford/Bronco Sport/Kenora/ON/65325530/?sale_class=Used,https://1s-photomanager-prd.autotradercdn.ca/photos/import/202511/0901/4910/03b9491c-32bf-4247-8d2e-4b426641c757.jpg-420x315
kenora-gm,1FMEE5DH1MLA66979,169463A,2021,Ford,Bronco,Badlands 4X4,SUV,AWD,Manual,Gas,Blue,,77281,42989,42989,42989,244,Used,https://www.kenoragm.com//vehicles/2021/Ford/Bronco/Kenora/ON/65869352/?sale_class=Used,https://1s-photomanager-prd.autotradercdn.ca/photos/import/202511/0901/4909/d7e916d1-e7a6-4c7e-8c21-a2ab71e60d55.jpg-420x315
kenora-gm,3FMCR9C66MRA82700,198321B,2021,Ford,Bronco Sport,Outer Banks,SUV,AWD,Automatic,Gas,Blue,,71397,27989,27989,27989,230,Used,https://www.kenoragm.com//vehicles/2021/Ford/Bronco Sport/Kenora/ON/66040048/?sale_class=Used,https://1s-photomanager-prd.autotradercdn.ca/photos/import/202511/0901/4918/4b1c78ae-0299-4f95-a863-38a13fda9156.jpg-420x315
kenora-gm,1C4RJFAG9MC508863,218044A,2021,Jeep,Grand Cherokee,Altitude   - Incl. Winter Tires & Rims,SUV,AWD,Automatic,Gas,Red,Black,147921,28989,28989,28989,229,Used,https://www.kenoragm.com//vehicles/2021/Jeep/Grand Cherokee/Kenora/ON/66050228/?sale_class=Used,https://1s-photomanager-prd.autotradercdn.ca/photos/import/202511/0901/4915/0d57ea5e-b2fe-461f-a7f7-0ed05317fe27.jpg-420x315
kenora-gm,1C4RDJDG6KC764963,174163A,2019,Dodge,Durango,GT   - Incl. Winter Tires & Rims,SUV,AWD,Automatic,Gas,Black,Black,196054,22989,22989,22989,223,Used,https://www.kenoragm.com//vehicles/2019/Dodge/Durango/Kenora/ON/66126511/?sale_class=Used,https://1s-photomanager-prd.autotradercdn.ca/photos/import/202511/0901/4922/33c7c61c-585f-4251-91b5-1fd7cf7790c3.jpg-420x315
kenora-gm,1GCUDEE87PZ195358,325479A,2023,Chevrolet,Silverado 1500,RST,Crew Cab,4x4,Automatic,Diesel,Red,Black,47756,56989,56989,56989,187,Used,https://www.kenoragm.com//vehicles/2023/Chevrolet/Silverado 1500/Kenora/ON/66620270/?sale_class=Used,https://1s-photomanager-prd.autotradercdn.ca/photos/import/202511/0901/4925/9344e619-eb9f-48a3-9b2a-6968cf6a536e.jpg-420x315
kenora-gm,4S4WMAPD2M3455669,309947B,2021,Subaru,Ascent,Limited,SUV,AWD,Automatic,Gas,Brown,Black,145502,27989,27989,27989,179,Used,https://www.kenoragm.com//vehicles/2021/Subaru/Ascent/Kenora/ON/66718751/?sale_class=Used,https://1s-photomanager-prd.autotradercdn.ca/photos/import/202511/0901/4925/d4bb7eae-c4ec-41de-bcd4-7c218b9895ac.jpg-420x315
kenora-gm,3GTU9CED6MG390821,302570A,2021,GMC,Sierra 1500,Elevation,Crew Cab,4x4,Automatic,Gas,Black,Black,165724,37989,37989,37989,160,Used,https://www.kenoragm.com//vehicles/2021/GMC/Sierra 1500/Kenora/ON/66967092/?sale_class=Used,https://1s-photomanager-prd.autotradercdn.ca/photos/import/202511/1301/4536/b1947811-2bde-4cae-a2d6-0ee2b87ddbc9.jpg-420x315
kenora-gm,1GNEVGKWXPJ267479,277608A,2023,Chevrolet,Traverse,LT Cloth,SUV,AWD,Automatic,Gas,,Black,32622,44989,44989,44989,152,Used,https://www.kenoragm.com//vehicles/2023/Chevrolet/Traverse/Kenora/ON/67064367/?sale_class=Used,https://1s-photomanager-prd.autotradercdn.ca/photos/import/202511/0901/4914/e67501ab-e3b2-47d0-9580-2eeec2a6a512.jpg-420x315
kenora-gm,1GNEVGKW8PJ206969,230866B,2023,Chevrolet,Traverse,LT Cloth,SUV,AWD,Automatic,Gas,Red,Black,104151,38989,38989,38989,152,Used,https://www.kenoragm.com//vehicles/2023/Chevrolet/Traverse/Kenora/ON/67064368/?sale_class=Used,https://1s-photomanager-prd.autotradercdn.ca/photos/import/202511/0901/4913/48b161cf-d187-4c47-a160-1b4148d8953d.jpg-420x315
kenora-gm,1C6SRFFT0MN553170,178530C,2021,Ram,1500,Big Horn,Crew Cab,4x4,Automatic,Gas,Black,Black,76640,41489,41489,41489,146,Used,https://www.kenoragm.com//vehicles/2021/Ram/1500/Kenora/ON/67136655/?sale_class=Used,https://1s-photomanager-prd.autotradercdn.ca/photos/import/202511/0901/4909/41b057fa-59bd-4abb-ae9f-23eae954ee84.jpg-420x315
kenora-gm,2G1FF3D34F9256843,229165B,2015,Chevrolet,Camaro,2LT   Convertible,Convertible,RWD,Automatic,Gas,,Black,41304,24989,24989,24989,145,Used,https://www.kenoragm.com//vehicles/2015/Chevrolet/Camaro/Kenora/ON/67148968/?sale_class=Used,https://1s-photomanager-prd.autotradercdn.ca/photos/import/202511/0901/4910/11684628-b932-40aa-ae33-0190477aded0.jpg-420x315
kenora-gm,3GTUUDEL5NG649960,185002A,2022,GMC,Sierra 1500,SLT   - 2 Inch Lift - Upgraded Wheels & Tires,Crew Cab,4x4,Automatic,Gas,Blue,Black,120569,49489,49489,49489,138,Used,https://www.kenoragm.com//vehicles/2022/GMC/Sierra 1500/Kenora/ON/67240221/?sale_class=Used,https://1s-photomanager-prd.autotradercdn.ca/photos/import/202511/0901/4917/de3ea67c-9708-4409-bf40-ae6176f2cc06.jpg-420x315
kenora-gm,1C4RDJDG7NC183931,287179A,2022,Dodge,Durango,GT,SUV,AWD,Automatic,Gas,Black,Black,172931,34989,34989,34989,138,Used,https://www.kenoragm.com//vehicles/2022/Dodge/Durango/Kenora/ON/67240229/?sale_class=Used,https://1s-photomanager-prd.autotradercdn.ca/photos/import/202511/0901/4917/257e3186-c2e2-45e4-8de6-bc7d1919f3db.jpg-420x315
kenora-gm,1GYKPBR4XNZ136588,303990A,2022,Cadillac,XT6,Luxury,SUV,AWD,Automatic,Gas,Red,Black,67281,42989,42989,42989,132,Used,https://www.kenoragm.com//vehicles/2022/Cadillac/XT6/Kenora/ON/67316647/?sale_class=Used,https://1s-photomanager-prd.autotradercdn.ca/photos/import/202511/0901/4923/7376d9d0-59d3-438a-9fa0-bfd4c5f7f738.jpg-420x315
kenora-gm,3VV4B7AX1NM049651,242948A,2022,Volkswagen,Tiguan,Highline R-Line,SUV,AWD,Automatic,Gas,White,Black,47410,35989,35989,35989,128,Used,https://www.kenoragm.com//vehicles/2022/Volkswagen/Tiguan/Kenora/ON/67359127/?sale_class=Used,https://1s-photomanager-prd.autotradercdn.ca/photos/import/202511/0901/4913/29e93a53-ac38-4077-9df4-b9369be6abe6.jpg-420x315
kenora-gm,3GTU9FEL5NG116097,387106A,2022,GMC,Sierra 1500 Limited,Denali,Crew Cab,4x4,Automatic,Gas,White,Black,161538,46989,46989,46989,118,Used,https://www.kenoragm.com//vehicles/2022/GMC/Sierra 1500 Limited/Kenora/ON/67496108/?sale_class=Used,https://1s-photomanager-prd.autotradercdn.ca/photos/import/202511/0901/4918/48fc96b4-e41a-4e20-a949-f20121d34b41.jpg-420x315
kenora-gm,1GNEVGKW9KJ253100,1163,2019,Chevrolet,Traverse,LT Cloth,SUV,AWD,Automatic,Gas,Black,Black,233243,17489,17489,17489,111,Used,https://www.kenoragm.com//vehicles/2019/Chevrolet/Traverse/Kenora/ON/67570691/?sale_class=Used,https://1s-photomanager-prd.autotradercdn.ca/photos/import/202511/0901/4910/01e5e450-ec94-453c-b109-4b46e6d85f7e.jpg-420x315
kenora-gm,1G1YM2D70G5124317,110045A,2016,Chevrolet,Corvette,Stingray Z51   3LT Coupe,Coupe,RWD,Automatic,Gas,Yellow,,16079,64989,64989,64989,110,Used,https://www.kenoragm.com//vehicles/2016/Chevrolet/Corvette/Kenora/ON/67581748/?sale_class=Used,https://1s-photomanager-prd.autotradercdn.ca/photos/import/202511/0901/4918/8cab2263-0c6b-4d8f-99d6-f4043ee8043c.jpg-420x315
kenora-gm,2FMPK4J93NBA34044,282936A,2022,Ford,Edge,ST Line,SUV,AWD,Automatic,Gas,Grey,Black,174229,26989,26989,26989,106,Used,https://www.kenoragm.com//vehicles/2022/Ford/Edge/Kenora/ON/67624214/?sale_class=Used,https://1s-photomanager-prd.autotradercdn.ca/photos/import/202511/0901/4911/05fceff3-c06e-4b1d-8751-421e0a2228e5.jpg-420x315
kenora-gm,3GTP9EEL6NG198137,342073A,2022,GMC,Sierra 1500 Limited,AT4,Crew Cab,4x4,Automatic,Gas,White,Black,97917,53989,53989,53989,102,Used,https://www.kenoragm.com//vehicles/2022/GMC/Sierra 1500 Limited/Kenora/ON/67669735/?sale_class=Used,https://1s-photomanager-prd.autotradercdn.ca/photos/import/202511/1101/4516/e1b06cd6-1614-4672-9278-93c9770c7cfb.jpg-420x315
kenora-gm,1C6SRFSTXNN115327,275142A,2022,Ram,1500,Longhorn,Crew Cab,4x4,Automatic,Gasoline Fuel,Red,Black,48716,55989,55989,55989,100,Used,https://www.kenoragm.com//vehicles/2022/Ram/1500/Kenora/ON/67691381/?sale_class=Used,https://1s-photomanager-prd.autotradercdn.ca/photos/import/202511/0901/4916/48301101-09cb-4e01-ad67-655a1523c497.jpg-420x315
kenora-gm,2HKRW2H52JH132585,163940B,2018,Honda,CR-V,EX AWD,SUV,AWD,Automatic,Gas,Silver,Black,219059,17989,17989,17989,80,Used,https://www.kenoragm.com//vehicles/2018/Honda/CR-V/Kenora/ON/67895730/?sale_class=Used,https://1s-photomanager-prd.autotradercdn.ca/photos/import/202511/1202/3946/e3cd5606-cc33-4928-bd65-ef2e75e37bc2.jpg-420x315
kenora-gm,1GTU9BET9MZ153547,218265B,2021,GMC,Sierra 1500,SLE,Crew Cab,4x4,Automatic,Diesel,Blue,Black,138613,38989,38989,38989,79,Used,https://www.kenoragm.com//vehicles/2021/GMC/Sierra 1500/Kenora/ON/67906350/?sale_class=Used,https://1s-photomanager-prd.autotradercdn.ca/photos/import/202511/1001/4658/0a9614a9-2695-41c9-ad11-dc1fb514ae27.jpg-420x315
kenora-gm,1G1FF3D76P0156516,217836A,2023,Chevrolet,Camaro,LT1   Convertible,Convertible,RWD,Automatic,Gas,Red,Black,12018,55989,55989,55989,78,Used,https://www.kenoragm.com//vehicles/2023/Chevrolet/Camaro/Kenora/ON/67916661/?sale_class=Used,https://1s-photomanager-prd.autotradercdn.ca/photos/import/202511/0901/4917/fcfd56f5-a403-4e5a-96f5-ec60a1f09036.jpg-420x315
kenora-gm,5FNYG1H6XRB502297,106716A,2024,Honda,Pilot,TrailSport,SUV,AWD,Automatic,Gas,White,Black,44122,52489,52489,52489,77,Used,https://www.kenoragm.com//vehicles/2024/Honda/Pilot/Kenora/ON/67927829/?sale_class=Used,https://1s-photomanager-prd.autotradercdn.ca/photos/import/202511/2301/5041/9598e5c8-891f-4b09-86dc-a4d536d078a4.jpg-420x315
kenora-gm,3GTUUFEL0NG644225,332808B,2022,GMC,Sierra 1500,AT4X,Crew Cab,4x4,Automatic,Gas,Tan,,87632,61989,61989,61989,70,Used,https://www.kenoragm.com//vehicles/2022/GMC/Sierra 1500/Kenora/ON/67991091/?sale_class=Used,https://1s-photomanager-prd.autotradercdn.ca/photos/import/202511/1401/4536/78070bbb-c641-45cd-a56f-fe999166ba99.jpg-420x315
kenora-gm,1C4RJFBG8MC651785,392642A,2021,Jeep,Grand Cherokee,Limited X,SUV,AWD,Automatic,Gas,White,Black,68082,38989,38989,38989,61,Used,https://www.kenoragm.com//vehicles/2021/Jeep/Grand Cherokee/Kenora/ON/68079166/?sale_class=Used,https://1s-photomanager-prd.autotradercdn.ca/photos/import/202511/2701/4835/5df4730e-353d-4b75-b7e3-71f2431a6208.jpg-420x315
kenora-gm,3GKALYEG1RL234586,D037438A,2024,GMC,Terrain,AT4,SUV,AWD,Automatic,Gas,Red,Black,45548,36989,36989,36989,58,Used,https://www.kenoragm.com//vehicles/2024/GMC/Terrain/Kenora/ON/68101032/?sale_class=Used,https://1s-photomanager-prd.autotradercdn.ca/photos/import/202511/1202/3606/fdc8bae8-dec1-4002-9465-c8b2b78ccde4.jpg-420x315
kenora-gm,3GCUDFED5RG141630,127494A,2024,Chevrolet,Silverado 1500,LT Trail Boss,Crew Cab,4x4,Automatic,Gas,White,Black,14157,65989,65989,65989,58,Used,https://www.kenoragm.com//vehicles/2024/Chevrolet/Silverado 1500/Kenora/ON/68101040/?sale_class=Used,https://1s-photomanager-prd.autotradercdn.ca/photos/import/202511/1301/4537/e4ce2dc3-a2cf-44b2-aa96-d1c94ba4a188.jpg-420x315
kenora-gm,1GT19REY8PF203318,118563A,2023,GMC,SIERRA 2500HD,Denali,Crew Cab,4x4,Automatic,Diesel,White,Black,125243,77489,77489,77489,55,Used,https://www.kenoragm.com//vehicles/2023/GMC/SIERRA 2500HD/Kenora/ON/68142723/?sale_class=Used,https://1s-photomanager-prd.autotradercdn.ca/photos/import/202511/1202/3606/cbf8d821-375c-4355-ae14-494569c96549.jpg-420x315
kenora-gm,7MUCAABG2PV075516,154626A,2023,Toyota,Corolla Cross,LE AWD,SUV,AWD,Automatic,Gas,Silver,Black,105376,32489,32489,32489,48,Used,https://www.kenoragm.com//vehicles/2023/Toyota/Corolla Cross/Kenora/ON/68211474/?sale_class=Used,https://1s-photomanager-prd.autotradercdn.ca/photos/import/202511/1202/3426/a2daab83-f8c1-4a89-a1d2-1d3f318bc229.jpg-420x315
kenora-gm,1FMCU9JA4RUA51953,1177,2024,Ford,Escape,Platinum,SUV,AWD,Automatic,Gas,Black,Black,38053,33989,33989,33989,47,Used,https://www.kenoragm.com//vehicles/2024/Ford/Escape/Kenora/ON/68220302/?sale_class=Used,https://1s-photomanager-prd.autotradercdn.ca/photos/import/202511/1301/4527/d415d771-5db1-4c83-aa97-fb524f4fcb6e.jpg-420x315
kenora-gm,JH4CU2F57DC800202,110499B,2013,Acura,TSX,Premium,Sedan,FWD,Automatic,Gas,Silver,Black,195944,9989,9989,9989,47,Used,https://www.kenoragm.com//vehicles/2013/Acura/TSX/Kenora/ON/68220323/?sale_class=Used,https://1s-photomanager-prd.autotradercdn.ca/photos/import/202511/1202/3426/d7bb93ce-6bc8-4c66-94a0-29460dcdb996.jpg-420x315
kenora-gm,1FTFW1E47KKE10974,119945A,2019,Ford,F-150,Lariat,Crew Cab,4x4,Automatic,Gas,White,Black,84539,39989,39989,39989,40,Used,https://www.kenoragm.com//vehicles/2019/Ford/F-150/Kenora/ON/68285794/?sale_class=Used,https://1s-photomanager-prd.autotradercdn.ca/photos/import/202511/1301/4524/b40df8f9-15aa-44e2-b095-47c046f09a0a.jpg-420x315
kenora-gm,KM8K5CA51LU450612,213903A,2020,Hyundai,Kona,1.6T Ultimate AWD   - Incl. Winter Tires,SUV,AWD,Automatic,Gas,Silver,Black,95678,21489,21489,21489,36,Used,https://www.kenoragm.com//vehicles/2020/Hyundai/Kona/Kenora/ON/68320295/?sale_class=Used,https://1s-photomanager-prd.autotradercdn.ca/photos/import/202511/1202/3606/41b78fd4-3658-4b50-83c9-0775f5546179.jpg-420x315
kenora-gm,19UUB7F05MA800192,251376C,2021,Acura,TLX,Type S   AWD,Sedan,AWD,Automatic,Gas,White,Red,43644,49989,51989,49989,35,Used,https://www.kenoragm.com//vehicles/2021/Acura/TLX/Kenora/ON/68334466/?sale_class=Used,https://1s-photomanager-prd.autotradercdn.ca/photos/import/202511/1202/3427/d9a0f5fe-404b-4466-a29b-7dc88edd6377.jpg-420x315
kenora-gm,1GKKNULS7MZ162616,227912A,2021,GMC,Acadia,SLT   Elevation,SUV,AWD,Automatic,Gas,White,Black,76062,34989,34989,34989,26,Used,https://www.kenoragm.com//vehicles/2021/GMC/Acadia/Kenora/ON/68435633/?sale_class=Used,https://1s-photomanager-prd.autotradercdn.ca/photos/import/202511/1202/3427/6b06b61d-f98c-4690-8aae-2d6bf2968554.jpg-420x315
kenora-gm,1FTFW1E46KFB98934,297885A,2019,Ford,F-150,XLT,Crew Cab,4x4,Automatic,Gas,Grey,,73074,35989,35989,35989,23,Used,https://www.kenoragm.com//vehicles/2019/Ford/F-150/Kenora/ON/68461678/?sale_class=Used,https://1s-photomanager-prd.autotradercdn.ca/photos/import/202511/0801/5444/09268a2f-a3ae-4edf-ba53-d7c72d319bfe.jpg-420x315
kenora-gm,1C4RJFBG6MC745874,241264A,2021,Jeep,Grand Cherokee,Limited X   - Incl. Winter Tires & Rims,SUV,AWD,Automatic,Gas,Blue,Black,112706,35489,35489,35489,22,Used,https://www.kenoragm.com//vehicles/2021/Jeep/Grand Cherokee/Kenora/ON/68474285/?sale_class=Used,https://1s-photomanager-prd.autotradercdn.ca/photos/import/202511/1202/3606/c24be4d3-4459-4347-8114-e9891663803e.jpg-420x315
kenora-gm,1GNSKNKD7MR478358,371408A,2021,Chevrolet,Tahoe,LT,SUV,AWD,Automatic,Gas,Black,Black,99199,58989,58989,58989,21,Used,https://www.kenoragm.com//vehicles/2021/Chevrolet/Tahoe/Kenora/ON/68485554/?sale_class=Used,https://1s-photomanager-prd.autotradercdn.ca/photos/import/202511/1202/3426/4136eb43-031f-48f7-b205-39cf00a2cd9a.jpg-420x315
kenora-gm,1FM5K8HC4NGA02681,150219A,2022,Ford,Explorer,Platinum,SUV,AWD,Automatic,Gas,White,Black,114866,40989,40989,40989,21,Used,https://www.kenoragm.com//vehicles/2022/Ford/Explorer/Kenora/ON/68485558/?sale_class=Used,https://1s-photomanager-prd.autotradercdn.ca/photos/import/202511/1301/4526/c591311d-c330-4e65-ad11-077eb1b19ac1.jpg-420x315
kenora-gm,1GT49XEY6RF155645,147603A,2024,GMC,SIERRA 2500HD,Denali Ultimate,Crew Cab,4x4,Automatic,Diesel,Black,,118159,93989,93989,93989,15,Used,https://www.kenoragm.com//vehicles/2024/GMC/SIERRA 2500HD/Kenora/ON/68536674/?sale_class=Used,https://1s-photomanager-prd.autotradercdn.ca/photos/import/202511/1301/4537/88ee9204-5d57-4a67-8584-b11bbf384414.jpg-420x315
kenora-gm,KM8R5DGE8PU585684,129860A,2023,Hyundai,Palisade,Ultimate Calligraphy 7-Passenger,SUV,AWD,Automatic,Gas,Red,Black,164065,35989,35989,35989,13,Used,https://www.kenoragm.com//vehicles/2023/Hyundai/Palisade/Kenora/ON/68561114/?sale_class=Used,https://1s-photomanager-prd.autotradercdn.ca/photos/import/202511/1501/4514/f1a2183c-0e2f-497f-b826-80b7253709f8.jpg-420x315
kenora-gm,1GCUYEED0KZ412033,103253A,2019,Chevrolet,Silverado 1500,RST,Crew Cab,4x4,Automatic,Gas,White,Black,141979,36489,36489,36489,12,Used,https://www.kenoragm.com//vehicles/2019/Chevrolet/Silverado 1500/Kenora/ON/68569627/?sale_class=Used,https://1s-photomanager-prd.autotradercdn.ca/photos/import/202511/1601/5745/8d8388e9-75c7-471e-bb22-0f147d26980d.jpg-420x315
kenora-gm,1C6SRFLTXLN191822,227622A,2020,Ram,1500,Sport,Crew Cab,4x4,Automatic,Gas,,Black,107984,41989,41989,41989,12,Used,https://www.kenoragm.com//vehicles/2020/Ram/1500/Kenora/ON/68569629/?sale_class=Used,https://1s-photomanager-prd.autotradercdn.ca/photos/import/202511/1601/5746/7fd8be04-d428-401d-8e4e-2341a936d232.jpg-420x315
kenora-gm,1C6SRFKT0NN117667,192805A,2022,Ram,1500,Longhorn,Crew Cab,4x4,Automatic,Gasoline Fuel,White,Black,99201,49989,49989,49989,12,Used,https://www.kenoragm.com//vehicles/2022/Ram/1500/Kenora/ON/68569637/?sale_class=Used,https://1s-photomanager-prd.autotradercdn.ca/photos/import/202511/1601/5747/0708cc92-b561-47fc-8444-b60edd6da2ae.jpg-420x315
kenora-gm,2GKFLTEK5D6351646,283689A,2013,GMC,Terrain,SLE-2   AWD,SUV,AWD,Automatic,Gas,Blue,Black,129115,12989,12989,12989,8,Used,https://www.kenoragm.com//vehicles/2013/GMC/Terrain/Kenora/ON/68604220/?sale_class=Used,https://1s-photomanager-prd.autotradercdn.ca/photos/import/202511/2001/4841/cd3da396-c516-41fa-bcab-6a193bd69dc0.jpg-420x315
kenora-gm,3FMCR9C69MRA53997,100692A,2021,Ford,Bronco Sport,Outer Banks,SUV,AWD,Automatic,Gas,Grey,Black,65018,28989,28989,28989,6,Used,https://www.kenoragm.com//vehicles/2021/Ford/Bronco Sport/Kenora/ON/68629847/?sale_class=Used,https://1s-photomanager-prd.autotradercdn.ca/photos/import/202511/2201/4717/d3a8cdc8-405d-45dd-a655-a3fcf0d52b02.jpg-420x315
kenora-gm,1GTPUEEL6NZ537171,PEP-310323A,2022,GMC,Sierra 1500,AT4,Crew Cab,4x4,Automatic,Gas,Black,Black,67421,59989,59989,59989,1,Used,https://www.kenoragm.com//vehicles/2022/GMC/Sierra 1500/Kenora/ON/68672300/?sale_class=Used,https://1s-photomanager-prd.autotradercdn.ca/photos/import/202511/2701/4832/2c2db9d0-c56b-47e4-9d98-eed3886c5cfc.jpg-420x315
kenora-honda,5FNYG1H30PB500089,9038,2023,Honda,Pilot,SPORT - HEATED STEERING WHEEL AND SEATS SUNROOF,SUV,AWD,Automatic,Gas,Black,Black,14987,49991,0,49991,198,Used,http://www.kenorahonda.ca/vehicles/2023/Honda/Pilot/Kenora/ON/66466412/?sale_class=Used,https://1s-photomanager-prd.autotradercdn.ca/photos/import/202505/2110/1322/7220f664-6296-42a8-8d15-18d810d58b36.jpg-420x315
kenora-honda,1GKKNLLS9PZ136503,9051,2023,GMC,Acadia,AT4 HEATED LEATHER SEATS REMOTE START 7 PASSENGER,SUV,AWD,Automatic,Gas,Grey,Black,107650,38991,0,38991,145,Used,http://www.kenorahonda.ca/vehicles/2023/GMC/Acadia/Kenora/ON/67143221/?sale_class=Used,https://1s-photomanager-prd.autotradercdn.ca/photos/import/202507/1816/0733/78cb83e4-7fee-4e46-8eb1-060b566baa66.jpg-420x315
kenora-honda,1C6RR7GG1NS240802,9052,2022,Ram,1500 Classic,SLT BACKUP CAMERA REMOTE START KEYLESS ENTRY,Truck,4x4,Automatic,Gas,Red,Black,73457,38991,0,38991,145,Used,http://www.kenorahonda.ca/vehicles/2022/Ram/1500 Classic/Kenora/ON/67143222/?sale_class=Used,https://1s-photomanager-prd.autotradercdn.ca/photos/import/202507/1015/0521/ce2ff5b7-e575-4f15-9d0f-2cdc4677ce4b.jpg-420x315
kenora-honda,ML32AWHJXRH001423,9054,2024,Mitsubishi,Mirage,GT HEATED SEATS BACKUP CAMERA ALLOY WHEELS,Hatchback,,Automatic,Gas,Blue,,9180,22991,0,22991,141,Used,http://www.kenorahonda.ca/vehicles/2024/Mitsubishi/Mirage/Kenora/ON/67186022/?sale_class=Used,https://1s-photomanager-prd.autotradercdn.ca/photos/import/202507/1615/5221/daab0af8-8708-46ac-87c4-0d5e9a3353a3.jpg-420x315
kenora-honda,2HKRW2H2XKH143034,9056,2019,Honda,CR-V,LX REMOTE START HEATED SEATS BACKUP CAMERA,SUV,AWD,Automatic,Gas,Grey,Black,101587,25991,0,25991,137,Used,http://www.kenorahonda.ca/vehicles/2019/Honda/CR-V/Kenora/ON/67246499/?sale_class=Used,https://1s-photomanager-prd.autotradercdn.ca/photos/import/202507/3017/5220/96912d07-7b49-4916-b900-e70b7e2340af.jpg-420x315
kenora-honda,1FMSK8FH5NGA85572,9058,2022,Ford,Explorer,LIMITED LEATHER REMOTE START HEATED SEATS SUNROOF,SUV,4x4,Automatic,Gas,,Black,104345,43991,0,43991,135,Used,http://www.kenorahonda.ca/vehicles/2022/Ford/Explorer/Kenora/ON/67262071/?sale_class=Used,https://1s-photomanager-prd.autotradercdn.ca/photos/import/202507/1715/5921/7bba4747-7afb-4469-b93b-796d6155d9f5.jpg-420x315
kenora-honda,1FMCU9JA5PUA27495,9059,2023,Ford,Escape,PLATINUM LEATHER HEATED SEATS REMOTE START,SUV,AWD,Automatic,Gas,White,Black,41302,34991,0,34991,132,Used,http://www.kenorahonda.ca/vehicles/2023/Ford/Escape/Kenora/ON/67308033/?sale_class=Used,https://1s-photomanager-prd.autotradercdn.ca/photos/import/202507/2216/3828/78ae230e-cf60-4031-b8ff-1ad21e5a6c36.jpg-420x315
kenora-honda,1FMCU9JA7PUA27644,9060,2023,Ford,Escape,PLATINUM LEATHER HEATED SEATS REMOTE START,SUV,AWD,Automatic,Gas,Black,Black,38245,32991,0,32991,132,Used,http://www.kenorahonda.ca/vehicles/2023/Ford/Escape/Kenora/ON/67308035/?sale_class=Used,https://1s-photomanager-prd.autotradercdn.ca/photos/import/202507/2216/3828/b5c312fd-3937-49fa-bcea-cd68c200237f.jpg-420x315
kenora-honda,3KPA25AD2NE509082,9061,2022,Kia,Rio,LX+ HEATED SEATS BACKUP CAMERA APPLE CARPLAY,Hatchback,FWD,Automatic,Gas,Grey,Black,18342,23991,0,23991,128,Used,http://www.kenorahonda.ca/vehicles/2022/Kia/Rio/Kenora/ON/67350064/?sale_class=Used,https://1s-photomanager-prd.autotradercdn.ca/photos/import/202508/0715/5319/0e8dee7e-da49-4711-a7e3-f03b284d022f.jpg-420x315
kenora-honda,KL79MRSL8MB131269,9065,2021,Chevrolet,TrailBlazer,LT HEATED SEATS XM RADIO APPLE CARPLAY REMOTE STAR,SUV,AWD,Automatic,Gas,Grey,,54142,25991,0,25991,121,Used,http://www.kenorahonda.ca/vehicles/2021/Chevrolet/TrailBlazer/Kenora/ON/67438440/?sale_class=Used,https://1s-photomanager-prd.autotradercdn.ca/photos/import/202508/0115/0720/42d93e95-8fca-4dde-907d-b13ffc8ad356.jpg-420x315
kenora-honda,2HGFE1E58NH081050,9069,2022,Honda,Civic,SI HEATED SEATS SUNROOF ALLOY RIMS HPD PACKAGE,Sedan,FWD,Manual,Gas,White,,27952,31991,0,31991,104,Used,http://www.kenorahonda.ca/vehicles/2022/Honda/Civic/Kenora/ON/67643440/?sale_class=Used,https://1s-photomanager-prd.autotradercdn.ca/photos/import/202508/2308/5623/d3e2e0de-a3b4-44d3-9c2c-e48893e90893.jpg-420x315
kenora-honda,1C4PJMMN7MD159573,9074,2021,Jeep,Cherokee,ALTITUDE LEATHER HEATED SEATS/WHEEL REMOTE START,SUV,AWD,Automatic,Gas,Blue,Black,90092,29991,0,29991,92,Used,http://www.kenorahonda.ca/vehicles/2021/Jeep/Cherokee/Kenora/ON/67781285/?sale_class=Used,https://1s-photomanager-prd.autotradercdn.ca/photos/import/202508/2915/4622/12a0d100-1a86-4817-b649-9825c6ac14e8.jpg-420x315
kenora-honda,3GNKBHRS8NS133456,9078,2022,Chevrolet,Blazer,AWD HEATED SEATS REMOTE START BACKUP CAM CARPLAY,SUV,AWD,Automatic,Gas,Red,,59739,29991,0,29991,79,Used,http://www.kenorahonda.ca/vehicles/2022/Chevrolet/Blazer/Kenora/ON/67898963/?sale_class=Used,https://1s-photomanager-prd.autotradercdn.ca/photos/import/202509/1718/2526/0bf69e3d-9350-4c87-8318-4a9b9c36a449.jpg-420x315
kenora-honda,5N1AT3AB1NC670655,9083,2022,Nissan,Rogue,HEATED SEATS BACKUP CAMERA REMOTE START,SUV,AWD,Automatic,Gas,White,Charcoal,67388,27991,0,27991,68,Used,http://www.kenorahonda.ca/vehicles/2022/Nissan/Rogue/Kenora/ON/68007328/?sale_class=Used,https://1s-photomanager-prd.autotradercdn.ca/photos/import/202510/0114/2710/67ecec90-c5f9-405f-9692-b795589c73fb.jpg-420x315
kenora-honda,5N1AT3ABXNC670377,9084,2022,Nissan,Rogue,HEATED SEATS BACKUP CAMERA REMOTE START,SUV,AWD,Automatic,Gas,Grey,Charcoal,82220,27991,0,27991,68,Used,http://www.kenorahonda.ca/vehicles/2022/Nissan/Rogue/Kenora/ON/68007332/?sale_class=Used,https://1s-photomanager-prd.autotradercdn.ca/photos/import/202510/1115/1728/5785cb40-937c-4259-9315-19b209ef69dc.jpg-420x315
kenora-honda,5FPYK3F86NB501311,503577A,2022,Honda,Ridgeline,BLACK EDITION LEATHER HEATED SEATS NAVIGATION,Truck,AWD,Automatic,Gas,White,Black,62606,46991,0,46991,65,Used,http://www.kenorahonda.ca/vehicles/2022/Honda/Ridgeline/Kenora/ON/68024133/?sale_class=Used,https://1s-photomanager-prd.autotradercdn.ca/photos/import/202509/2416/1950/39acc168-f537-4cbe-bc8a-7dd536d1e5b8.jpg-420x315
kenora-honda,2HGFE2F26SH107411,101848A,2025,Honda,Civic,LIKE NEW! HEATED SEATS BACKUP CAMERA REMOTE START,Sedan,FWD,Automatic,Gas,Black,Black,14231,31991,0,31991,61,Used,http://www.kenorahonda.ca/vehicles/2025/Honda/Civic/Kenora/ON/68074427/?sale_class=Used,https://1s-photomanager-prd.autotradercdn.ca/photos/import/202510/0311/1825/8d44feba-316d-444f-8bd1-5863e6566c56.jpg-420x315
kenora-honda,5FPYK3F58HB506648,506037C,2017,Honda,Ridgeline,LEATHER HEATED SEATS BACKUP CAMERA REMOTE START,Truck,AWD,Automatic,Gas,Blue,Grey,152309,25991,0,25991,57,Used,http://www.kenorahonda.ca/vehicles/2017/Honda/Ridgeline/Kenora/ON/68105669/?sale_class=Used,https://1s-photomanager-prd.autotradercdn.ca/photos/import/202510/0420/2724/d5f811f8-78c5-4fb0-b356-55098a24d3e0.jpg-420x315
kenora-honda,5FNYF6H60MB500499,9089,2021,Honda,Pilot,TOURING 7-PASSENGER HEATED/COOLED SEATS NAVIGATION,SUV,AWD,Automatic,Gas,Blue,Black,69468,41991,0,41991,55,Used,http://www.kenorahonda.ca/vehicles/2021/Honda/Pilot/Kenora/ON/68134012/?sale_class=Used,https://1s-photomanager-prd.autotradercdn.ca/photos/import/202510/1015/1029/bd36e7ad-bf0e-42fa-9e7d-da730079bfa6.jpg-420x315
kenora-honda,1C4RJHBG4PC552333,9088,2023,Jeep,Grand Cherokee,LIMITED NAVIGATION HEATED SEATS AND STEERING WHEEL,SUV,4x4,Automatic,Gas,White,Black,71563,39991,0,39991,55,Used,http://www.kenorahonda.ca/vehicles/2023/Jeep/Grand Cherokee/Kenora/ON/68134039/?sale_class=Used,https://1s-photomanager-prd.autotradercdn.ca/photos/import/202510/1515/4720/636823c5-5516-40d2-b4b9-8876e2718c24.jpg-420x315
kenora-honda,2C4RC1ZG0RR142078,9090,2024,Chrysler,Grand Caravan,SXT HEATED SEATS/WHEEL REMOTE START BACKUP CAMERA,Minivan,FWD,Automatic,Gas,Silver,Black,54204,37991,0,37991,54,Used,http://www.kenorahonda.ca/vehicles/2024/Chrysler/Grand Caravan/Kenora/ON/68146569/?sale_class=Used,https://1s-photomanager-prd.autotradercdn.ca/photos/import/202510/1015/1027/c85398fc-5096-4974-85ec-c89d28796d9e.jpg-420x315
kenora-honda,2C4RC1FG4RR177260,9091,2024,Chrysler,Pacifica,TOURING HEATED SEATS/WHEEL POWER LIFTGATE REMOTE S,Minivan,FWD,Automatic,Gas,White,Black,53536,38991,0,38991,54,Used,http://www.kenorahonda.ca/vehicles/2024/Chrysler/Pacifica/Kenora/ON/68146572/?sale_class=Used,https://1s-photomanager-prd.autotradercdn.ca/photos/import/202510/1015/1029/c6b3bb27-de7b-444c-90a9-10f4c39a4ee2.jpg-420x315
kenora-honda,1FTEW1EPXNFA32488,9093,2022,Ford,F-150,LARIAT 4WD SUPERCREW 5.5 BOX HEATED/COOLED SEATS,Truck,4x4,Automatic,Flexible,Black,,60268,52991,0,52991,49,Used,http://www.kenorahonda.ca/vehicles/2022/Ford/F-150/Kenora/ON/68192629/?sale_class=Used,https://1s-photomanager-prd.autotradercdn.ca/photos/import/202510/1515/4720/5144fd3e-032f-4f9f-a132-6a14fd6b1816.jpg-420x315
kenora-honda,WMWXP5C56J2G61505,502449A,2018,MINI,Cooper,COOPER 3DOOR HEATED SEATS BACKUP CAMERA LOW MILEAG,Hatchback,FWD,Automatic,Gas,White,Black,50962,18991,0,18991,42,Used,http://www.kenorahonda.ca/vehicles/2018/MINI/Cooper/Kenora/ON/68249891/?sale_class=Used,https://1s-photomanager-prd.autotradercdn.ca/photos/import/202510/1813/1206/69624477-836a-4fbc-8a1a-f194cc95b3a4.jpg-420x315
kenora-honda,3CZRU6H20LM107498,103679A,2020,Honda,HR-V,SPORT AWD HEATED SEATS BACKUP CAMERA SUNROOF,SUV,AWD,CVT,Gas,White,Black,68957,27991,0,27991,33,Used,http://www.kenorahonda.ca/vehicles/2020/Honda/HR-V/Kenora/ON/68352153/?sale_class=Used,https://1s-photomanager-prd.autotradercdn.ca/photos/import/202510/3016/4521/5708a233-c241-40ef-bcc9-ee6bf17f6c72.jpg-420x315
kenora-honda,5N1DR3CE5NC204150,9096,2022,Nissan,Pathfinder,SL WINTER TIRES  HEATED SEATS/STEERING WHEEL,SUV,4x4,Automatic,Gas,Black,Charcoal,118752,33991,0,33991,30,Used,http://www.kenorahonda.ca/vehicles/2022/Nissan/Pathfinder/Kenora/ON/68372933/?sale_class=Used,https://1s-photomanager-prd.autotradercdn.ca/photos/import/202511/0715/4534/31ed26ea-7419-4541-b2a2-a49fcd0d0839.jpg-420x315
kenora-honda,WA1EECF3XR1100750,9098,2024,Audi,Q3,HEATED STEERING WHEEL AND SEATS SUNROOF,SUV,AWD,Automatic,Gas,,,56391,39991,0,39991,26,Used,http://www.kenorahonda.ca/vehicles/2024/Audi/Q3/Kenora/ON/68430838/?sale_class=Used,https://1s-photomanager-prd.autotradercdn.ca/photos/import/202511/1307/2627/1f643859-b0ad-4fa8-a99e-ad352c8737e3.jpg-420x315
kenora-honda,2HGFE2F58PH107735,206010A,2023,Honda,Civic Sedan,SPORT WINTER TIRES HEATED SEATS REMOTE START,Sedan,FWD,CVT,Gas,Grey,Black,34000,31991,0,31991,20,Used,http://www.kenorahonda.ca/vehicles/2023/Honda/Civic Sedan/Kenora/ON/68491493/?sale_class=Used,https://1s-photomanager-prd.autotradercdn.ca/photos/import/202511/0809/5026/a749705f-bea4-41ed-91eb-106fff60c412.jpg-420x315
kenora-honda,5NTJEDAF7NH005367,500199A,2022,Hyundai,Santa Cruz,ULTIMATE REMOTE START HEATED COOLED SEATS NAVI,Truck,AWD,8 Speed Automatic,Gas,Tan,Black,97509,34991,0,34991,20,Used,http://www.kenorahonda.ca/vehicles/2022/Hyundai/Santa Cruz/Kenora/ON/68491494/?sale_class=Used,https://1s-photomanager-prd.autotradercdn.ca/photos/import/202511/0712/5054/0535ba2b-8cac-436c-ae23-f882d6f7fc15.jpg-420x315
kenora-honda,3GTPUBEK2PG106108,9085,2023,GMC,Sierra 1500,SLE REMOTE START HEATED SEATS BACKUP CAMERA,Truck,4x4,Automatic,Gas,,,45454,45991,0,45991,15,Used,http://www.kenorahonda.ca/vehicles/2023/GMC/Sierra 1500/Kenora/ON/68530012/?sale_class=Used,https://1s-photomanager-prd.autotradercdn.ca/photos/import/202511/1905/1231/30577a96-c99f-4562-ba71-74e0a1cc71da.jpg-420x315
kenora-honda,2HKRW2H50KH111767,503756A,2019,Honda,CR-V,EX HEATED SEATS SUNROOF WINTER TIRE&RIMS,SUV,AWD,Automatic,Gas,White,,116245,25991,0,25991,14,Used,http://www.kenorahonda.ca/vehicles/2019/Honda/CR-V/Kenora/ON/68540972/?sale_class=Used,https://1s-photomanager-prd.autotradercdn.ca/photos/import/202511/1805/0420/dcf308c6-467c-4f95-a53e-dcd089b19af7.jpg-420x315
kenora-honda,1FMUK8KH2SGA59621,218780A,2025,Ford,Explorer,ST-Line 4WD,SUV,4x4,Automatic,Gas,White,,10629,60991,0,60991,2,Used,http://www.kenorahonda.ca/vehicles/2025/Ford/Explorer/Kenora/ON/68651876/?sale_class=Used,
kenora-honda,3GTPUCEK2NG678993,9102,2022,GMC,Sierra 1500,4WD Crew Cab 157  Elevation,Truck,4x4,Automatic,Gas,White,,31594,0,0,0,0,Used,http://www.kenorahonda.ca/vehicles/2022/GMC/Sierra 1500/Kenora/ON/68677053/?sale_class=Used,
kenora-honda,3GCPDFEK5NG553522,9101,2022,Chevrolet,Silverado 1500,4WD Crew Cab 157  LT Trail Boss,Truck,4x4,Automatic,Gas,Red,,69358,0,0,0,0,Used,http://www.kenorahonda.ca/vehicles/2022/Chevrolet/Silverado 1500/Kenora/ON/68677054/?sale_class=Used,
